device_type,browser,operating_system,page_views,session_duration,age,abandoned_cart,user_category,test_id
2,1,2,6,240,30,0,1,216
0,0,2,8,253,30,0,1,216
1,0,0,7,196,30,0,1,216
0,1,4,10,126,30,0,1,216
1,1,0,8,138,30,0,1,216
0,3,4,4,140,30,0,1,216
0,1,3,7,70,30,0,1,216
2,1,0,8,158,30,0,1,216
0,2,0,9,32,30,0,1,216
1,2,3,5,183,30,0,1,216
0,1,0,7,54,30,0,1,216
1,1,4,4,221,30,1,2,135
1,0,2,4,207,30,1,2,135
0,2,0,8,242,30,1,2,135
1,2,2,5,285,30,1,2,135
1,0,0,8,294,30,1,2,135
2,1,4,7,50,30,1,2,135
0,2,1,7,59,30,1,2,135
2,1,2,10,61,30,1,2,135
2,2,3,3,176,30,1,2,135
1,0,4,5,118,30,1,2,135
2,2,0,4,178,30,1,2,135
0,1,4,4,126,30,1,2,135
2,0,4,10,170,30,1,2,135
2,1,2,5,34,30,1,2,135
0,0,4,8,185,30,1,2,135
1,2,3,10,164,49,0,0,235
0,0,0,9,271,49,0,0,235
2,3,2,9,160,49,0,0,235
2,3,3,7,299,49,0,0,235
2,1,4,4,60,49,0,0,235
1,3,0,4,166,49,0,0,235
1,0,0,9,282,49,0,0,235
1,0,2,7,146,49,0,0,235
2,0,1,5,263,49,0,0,235
1,1,3,5,266,49,0,0,235
2,3,3,7,175,49,0,0,235
1,1,2,8,71,49,0,0,235
0,3,3,5,69,49,0,0,235
0,3,4,6,275,67,0,1,179
0,2,1,5,92,67,0,1,179
2,0,4,9,233,67,0,1,179
2,2,1,4,126,67,0,1,179
0,1,0,5,203,67,0,1,179
2,2,2,7,267,67,0,1,179
2,1,3,10,299,67,0,1,179
1,0,1,5,20,67,0,1,179
1,1,0,4,47,67,0,1,179
2,0,4,9,208,67,0,1,179
2,2,1,8,79,67,0,1,179
0,2,1,6,162,67,0,1,179
0,2,4,8,123,67,0,1,179
2,2,1,3,277,67,0,1,179
1,0,2,3,49,67,0,1,179
0,1,2,6,51,44,0,2,293
0,3,3,6,31,44,0,2,293
1,2,0,7,157,44,0,2,293
0,3,3,9,58,44,0,2,293
1,1,4,3,247,44,0,2,293
1,2,4,3,269,25,1,1,266
2,3,1,4,28,25,1,1,266
0,3,1,9,237,25,1,1,266
0,0,3,4,222,25,1,1,266
1,1,4,4,80,25,1,1,266
0,1,3,6,58,25,1,1,266
2,2,0,7,170,25,1,1,266
0,0,2,6,67,52,1,2,156
1,3,3,7,240,52,1,2,156
0,3,2,6,235,52,1,2,156
2,3,2,7,81,52,1,2,156
1,1,2,10,90,52,1,2,156
1,1,1,8,29,52,1,2,156
0,1,2,4,252,52,1,2,156
2,3,3,7,48,52,1,2,156
1,3,1,8,170,52,1,2,156
2,2,1,9,264,52,1,2,156
1,1,2,3,39,64,0,0,151
1,0,4,4,45,64,0,0,151
2,3,3,4,41,64,0,0,151
2,2,0,7,154,64,0,0,151
0,3,4,6,113,64,0,0,151
2,2,0,5,79,64,0,0,151
0,2,1,7,73,64,0,0,151
1,1,0,3,85,64,0,0,151
0,3,3,10,54,64,0,0,151
2,3,2,9,240,56,0,2,222
1,1,1,5,100,56,0,2,222
2,0,4,9,36,56,0,2,222
2,3,1,10,68,56,0,2,222
0,1,2,10,252,56,0,2,222
0,2,2,5,270,56,0,2,222
0,3,2,3,280,56,0,2,222
0,2,3,5,188,56,0,2,222
1,2,0,9,45,56,0,2,222
1,2,4,7,82,56,0,2,222
0,2,1,8,236,56,0,2,222
1,0,1,3,58,22,0,2,110
2,2,3,9,299,22,0,2,110
1,2,1,6,289,22,0,2,110
1,2,2,3,92,22,0,2,110
2,2,3,7,297,22,0,2,110
2,1,4,10,91,52,0,2,181
1,0,0,5,180,52,0,2,181
2,0,0,4,51,52,0,2,181
1,0,4,9,132,52,0,2,181
0,3,3,7,82,52,0,2,181
1,3,1,7,272,64,0,0,150
2,0,3,3,296,64,0,0,150
2,3,4,8,38,64,0,0,150
0,0,4,5,185,64,0,0,150
0,1,4,6,128,64,0,0,150
2,3,2,7,230,64,0,0,150
1,3,3,8,45,64,0,0,150
1,0,0,5,25,64,0,0,150
0,2,2,6,131,64,0,0,150
0,3,1,9,251,64,0,0,150
2,1,3,5,90,64,0,0,150
2,2,0,9,212,64,0,0,150
1,0,0,3,29,64,0,0,150
2,1,0,3,216,64,0,0,150
2,2,2,9,168,27,0,2,188
1,0,0,3,210,27,0,2,188
1,3,3,4,284,27,0,2,188
0,1,1,4,132,27,0,2,188
0,0,0,5,171,27,0,2,188
2,3,1,8,300,27,0,2,188
1,2,3,8,114,27,0,2,188
0,2,2,7,189,27,0,2,188
1,3,3,5,44,27,0,2,188
1,1,1,4,38,27,0,2,188
1,3,2,3,207,18,1,2,260
1,2,0,6,164,18,1,2,260
1,1,2,5,178,18,1,2,260
1,1,2,4,124,18,1,2,260
0,1,1,4,70,18,1,2,260
2,3,0,10,94,18,1,2,260
2,2,3,8,91,18,1,2,260
2,3,1,6,286,41,1,1,169
1,0,4,6,141,41,1,1,169
2,1,1,5,117,41,1,1,169
1,3,0,9,34,41,1,1,169
2,0,3,3,112,41,1,1,169
2,0,2,6,252,41,1,1,169
2,2,2,6,27,41,1,1,169
0,0,0,10,30,41,1,1,169
0,0,4,10,28,41,1,1,169
1,1,4,7,22,41,1,1,169
0,2,4,4,160,53,1,1,177
0,3,0,8,83,53,1,1,177
1,1,3,7,273,53,1,1,177
1,1,1,8,262,53,1,1,177
2,3,1,5,296,53,1,1,177
0,0,1,7,147,53,1,1,177
2,0,4,6,268,53,1,1,177
0,0,0,6,159,53,1,1,177
1,3,4,8,105,53,1,1,177
1,0,4,5,42,53,1,1,177
2,3,1,3,259,53,1,1,177
0,1,2,3,251,53,1,1,177
2,3,2,7,93,53,1,1,177
2,3,2,10,37,62,1,0,295
1,3,1,3,143,62,1,0,295
0,0,3,8,193,62,1,0,295
2,2,1,3,92,62,1,0,295
1,3,0,5,285,62,1,0,295
1,3,4,7,230,62,1,0,295
1,2,2,5,270,62,1,0,295
0,1,3,7,122,62,1,0,295
1,1,4,3,106,62,1,0,295
0,3,0,6,219,62,1,0,295
1,0,2,9,146,62,1,0,295
2,0,2,6,153,62,1,0,295
0,2,3,6,221,62,1,0,295
0,2,2,4,179,62,1,0,295
0,0,0,5,99,62,1,0,295
2,3,3,6,92,46,0,1,220
1,3,3,4,74,46,0,1,220
0,2,4,9,174,46,0,1,220
1,0,1,4,245,46,0,1,220
0,0,3,4,165,46,0,1,220
2,0,1,3,152,42,0,1,105
0,3,0,7,187,42,0,1,105
2,3,1,10,157,42,0,1,105
1,2,0,4,206,42,0,1,105
1,0,4,6,131,42,0,1,105
1,0,0,5,101,42,0,1,105
1,0,4,7,282,42,0,1,105
0,0,0,8,64,42,0,1,105
0,2,3,7,217,42,0,1,105
0,0,2,6,67,18,0,1,286
1,2,4,3,156,18,0,1,286
0,1,2,8,84,18,0,1,286
2,0,3,4,87,18,0,1,286
0,2,3,10,103,18,0,1,286
2,3,4,8,189,18,0,1,286
0,3,1,9,30,18,0,1,286
2,2,0,7,98,18,0,1,286
2,0,2,4,69,48,1,0,228
1,2,1,10,29,48,1,0,228
0,2,3,8,58,48,1,0,228
1,2,4,10,203,48,1,0,228
2,2,0,5,39,48,1,0,228
2,1,1,3,161,48,1,0,228
2,3,4,3,136,48,1,0,228
2,0,3,3,131,48,1,0,228
2,1,2,7,299,48,1,0,228
0,2,3,9,243,48,1,0,228
0,3,1,8,43,48,1,0,228
2,0,0,4,54,34,0,1,119
1,0,1,4,204,34,0,1,119
1,3,1,7,87,34,0,1,119
0,0,2,4,238,34,0,1,119
2,3,0,8,41,34,0,1,119
2,1,2,5,208,34,0,1,119
0,0,3,5,214,34,0,1,119
2,1,1,10,167,34,0,1,119
2,1,4,10,158,34,0,1,119
2,3,1,4,36,34,0,1,119
1,1,4,6,32,34,0,1,119
1,2,3,3,146,34,0,1,119
2,2,4,7,121,34,0,1,119
2,0,2,10,230,34,0,1,119
1,0,0,10,240,34,0,1,119
1,0,3,7,55,20,1,0,144
1,2,1,9,138,20,1,0,144
0,3,0,5,186,20,1,0,144
1,1,0,7,150,20,1,0,144
2,3,2,5,121,20,1,0,144
0,3,1,9,145,20,1,0,144
2,3,0,4,298,20,1,0,144
1,2,0,9,70,20,1,0,144
2,3,1,6,165,20,1,0,144
2,3,1,10,229,20,1,0,144
1,3,2,5,224,20,1,0,144
2,2,3,4,277,20,1,0,144
0,2,3,3,176,20,1,0,144
1,2,1,7,271,20,1,0,144
2,3,0,3,133,20,1,0,144
2,3,0,5,235,42,1,0,284
1,1,4,5,184,42,1,0,284
1,1,0,3,279,42,1,0,284
0,0,0,3,183,42,1,0,284
0,3,4,7,101,42,1,0,284
2,2,0,4,104,42,1,0,284
0,3,0,6,155,42,1,0,284
1,3,1,9,265,42,1,0,284
1,2,2,4,60,42,1,0,284
0,2,2,4,95,31,0,2,300
2,3,3,3,113,31,0,2,300
0,3,1,8,76,31,0,2,300
1,0,0,6,70,31,0,2,300
1,3,4,10,91,31,0,2,300
1,0,4,8,164,31,0,2,300
0,2,2,7,87,31,0,2,300
1,0,4,4,187,31,0,2,300
1,0,3,5,94,31,0,2,300
2,1,3,9,224,31,0,2,300
0,1,4,9,251,31,0,2,300
1,3,0,8,223,31,0,2,300
0,1,4,7,101,31,0,2,300
0,1,2,3,288,31,0,2,300
1,2,2,8,67,31,0,2,300
0,2,0,3,156,20,1,1,213
2,1,0,9,46,20,1,1,213
0,2,1,8,107,20,1,1,213
0,3,3,5,288,20,1,1,213
2,2,0,10,241,20,1,1,213
1,3,3,3,285,20,1,1,213
1,1,1,3,60,20,1,1,213
2,0,0,10,293,20,1,1,213
0,3,3,7,23,20,1,1,213
1,2,4,9,128,20,1,1,213
1,1,0,7,235,20,1,1,213
1,0,3,6,213,65,0,2,296
0,0,2,7,274,65,0,2,296
1,2,3,6,189,65,0,2,296
2,3,1,3,197,65,0,2,296
1,0,2,7,105,65,0,2,296
0,0,4,9,121,65,0,2,296
1,3,2,6,189,65,0,2,296
1,2,4,7,295,65,0,2,296
2,3,0,10,70,65,0,2,296
0,0,0,9,23,65,0,2,296
0,2,1,3,93,65,0,2,296
0,2,0,3,129,65,0,2,296
2,0,1,10,288,18,1,1,61
2,2,4,9,80,18,1,1,61
2,0,3,10,279,18,1,1,61
2,0,2,10,174,18,1,1,61
1,2,4,5,227,18,1,1,61
0,1,0,5,229,18,1,1,61
1,1,2,10,147,18,1,1,61
2,0,1,6,75,18,1,1,61
0,1,4,8,111,18,1,1,61
2,3,3,7,269,18,1,1,61
2,3,3,7,176,18,1,1,61
0,1,1,7,75,18,1,1,61
0,3,3,5,272,38,1,2,291
2,3,0,8,48,38,1,2,291
0,1,2,4,108,38,1,2,291
2,2,1,9,263,38,1,2,291
1,3,3,6,80,38,1,2,291
1,1,3,7,166,19,1,2,27
1,2,4,3,215,19,1,2,27
2,2,4,8,107,19,1,2,27
1,3,2,5,126,19,1,2,27
0,0,4,5,81,19,1,2,27
0,3,3,3,244,19,1,2,27
2,1,0,10,117,19,1,2,27
2,2,2,4,36,19,1,2,27
0,0,0,6,159,19,1,2,27
2,3,0,6,79,39,1,0,17
0,3,3,9,110,39,1,0,17
1,2,4,7,119,39,1,0,17
1,2,2,4,123,39,1,0,17
1,0,1,3,45,39,1,0,17
2,3,1,8,208,39,1,0,17
1,3,0,9,177,39,1,0,17
0,0,1,7,170,39,1,0,17
1,0,0,5,94,39,1,0,17
0,1,3,7,212,39,1,0,17
1,0,4,3,167,39,1,0,17
2,1,0,10,194,39,1,0,17
1,2,1,7,246,67,1,1,172
0,2,3,3,123,67,1,1,172
2,1,0,9,31,67,1,1,172
0,1,2,4,217,67,1,1,172
0,2,2,9,48,67,1,1,172
1,3,4,6,199,67,1,1,172
1,0,1,5,242,67,1,1,172
0,1,1,7,34,67,1,1,172
1,1,0,4,271,67,1,1,172
2,1,3,8,185,67,1,1,172
2,0,3,7,114,67,1,1,172
1,1,2,7,45,67,1,1,172
0,3,4,8,159,67,1,1,172
0,0,2,6,286,55,0,2,38
1,2,3,7,125,55,0,2,38
2,1,4,6,247,55,0,2,38
0,0,2,10,212,55,0,2,38
1,0,4,10,247,55,0,2,38
1,0,1,10,154,55,0,2,38
0,1,4,7,162,55,0,2,38
2,1,3,9,256,55,0,2,38
1,3,4,7,179,55,0,2,38
0,1,0,7,170,55,0,2,38
1,3,1,6,107,55,0,2,38
2,1,3,4,141,37,1,1,281
2,2,1,7,234,37,1,1,281
2,0,4,8,111,37,1,1,281
2,1,1,5,167,37,1,1,281
1,3,1,7,270,37,1,1,281
0,2,3,5,194,37,1,1,281
1,0,4,8,205,37,1,1,281
1,2,3,8,246,37,1,1,281
2,2,3,3,82,37,1,1,281
1,1,1,6,286,37,1,1,281
0,1,2,9,99,37,1,1,281
2,3,1,7,180,37,1,1,281
2,0,0,9,127,37,1,1,281
2,1,0,9,160,37,1,1,281
2,0,4,6,200,37,1,1,281
1,0,0,10,273,68,0,0,155
1,1,4,9,74,68,0,0,155
0,3,1,4,36,68,0,0,155
2,1,1,5,32,68,0,0,155
0,1,4,8,281,68,0,0,155
2,3,2,4,32,68,0,0,155
0,0,3,8,83,68,0,0,155
2,2,1,5,153,68,0,0,155
2,3,1,10,165,68,0,0,155
0,3,4,6,155,41,1,2,168
0,1,0,4,175,41,1,2,168
2,3,4,7,181,41,1,2,168
2,1,1,7,193,41,1,2,168
1,0,0,4,168,41,1,2,168
2,1,1,5,265,41,1,2,168
0,2,4,6,80,41,1,2,168
1,0,4,8,278,41,1,2,168
1,0,0,4,211,41,1,2,168
2,0,3,10,134,41,1,2,168
0,0,4,5,39,41,1,2,168
2,2,0,5,262,41,1,2,168
2,0,2,3,272,41,1,2,168
0,3,1,3,147,41,1,2,168
0,3,1,4,242,25,0,0,20
0,3,4,5,111,25,0,0,20
1,1,3,3,147,25,0,0,20
0,0,2,7,37,25,0,0,20
0,0,4,10,161,25,0,0,20
1,1,4,3,295,25,0,0,20
2,1,0,10,177,25,0,0,20
0,2,2,8,253,25,0,0,20
0,3,2,10,115,25,0,0,20
0,2,4,8,224,25,0,0,20
0,2,0,5,248,25,0,0,20
1,3,4,4,256,25,0,0,20
0,0,1,9,294,25,0,0,20
0,0,2,10,233,25,0,0,20
0,0,1,4,288,25,0,0,20
0,3,0,7,91,67,0,1,8
2,3,4,3,283,67,0,1,8
2,3,1,7,107,67,0,1,8
2,1,2,10,82,67,0,1,8
2,0,3,10,211,67,0,1,8
0,0,2,7,163,67,0,1,8
0,0,3,3,252,67,0,1,8
1,0,4,7,112,67,0,1,8
1,1,0,10,289,67,0,1,8
0,2,2,5,104,67,0,1,8
0,1,0,6,100,67,0,1,8
2,0,2,4,83,67,0,1,8
2,0,1,9,82,67,0,1,8
0,2,3,8,94,67,0,1,8
1,2,3,7,251,70,0,0,7
0,3,3,9,49,70,0,0,7
2,3,1,8,109,70,0,0,7
1,3,2,9,179,70,0,0,7
2,0,2,10,146,70,0,0,7
1,1,3,5,139,70,0,0,7
2,0,1,3,240,70,0,0,7
0,1,4,7,76,70,0,0,7
0,2,1,8,226,70,0,0,7
2,2,2,8,226,70,0,0,7
1,0,2,8,151,70,0,0,7
2,3,4,10,56,70,0,0,7
1,3,4,6,184,70,0,0,7
2,3,4,9,257,59,0,0,180
1,2,1,4,171,59,0,0,180
2,1,2,3,138,59,0,0,180
0,2,3,10,119,59,0,0,180
1,1,0,7,204,59,0,0,180
0,3,2,9,31,61,0,1,108
2,3,0,4,242,61,0,1,108
1,1,0,6,154,61,0,1,108
2,1,1,9,235,61,0,1,108
0,0,1,10,117,61,0,1,108
1,3,0,10,171,61,0,1,108
1,1,1,7,56,25,1,2,269
2,2,1,6,38,25,1,2,269
0,3,3,4,162,25,1,2,269
2,3,3,3,188,25,1,2,269
0,1,3,4,271,25,1,2,269
1,2,1,6,57,25,1,2,269
1,0,1,4,148,25,1,2,269
1,0,0,6,208,70,1,0,205
0,0,3,8,198,70,1,0,205
0,3,1,9,77,70,1,0,205
2,1,1,4,156,70,1,0,205
2,1,1,4,290,70,1,0,205
1,1,3,9,182,70,1,0,205
0,1,2,3,175,70,1,0,205
2,0,4,5,232,70,1,0,205
2,3,0,3,48,70,1,0,205
1,2,3,3,285,70,1,0,205
0,1,3,5,209,70,1,0,205
1,1,1,4,127,70,1,0,205
0,3,3,5,215,50,0,0,240
0,2,4,7,225,50,0,0,240
1,0,4,6,275,50,0,0,240
0,0,4,5,263,50,0,0,240
1,0,2,3,42,50,0,0,240
2,2,2,5,194,50,0,0,240
2,2,3,4,79,50,0,0,240
1,0,0,3,272,50,0,0,240
0,0,0,4,261,50,0,0,240
0,2,1,5,169,50,0,0,240
0,2,3,6,283,50,0,0,240
0,0,0,4,295,50,0,0,240
0,2,1,5,230,65,1,1,112
1,2,1,9,35,65,1,1,112
1,2,2,5,271,65,1,1,112
1,0,0,7,29,65,1,1,112
1,2,2,6,277,65,1,1,112
2,1,0,7,87,22,0,0,28
2,0,4,4,296,22,0,0,28
0,1,1,6,216,22,0,0,28
2,0,1,10,266,22,0,0,28
0,3,4,7,189,22,0,0,28
0,2,2,3,29,22,0,0,28
1,1,2,4,183,27,0,1,16
2,1,0,4,27,27,0,1,16
0,1,4,10,77,27,0,1,16
1,3,1,9,237,27,0,1,16
1,2,3,9,152,27,0,1,16
0,0,1,4,53,27,0,1,16
0,1,2,5,300,27,0,1,16
1,0,1,10,147,35,0,1,184
2,2,1,4,161,35,0,1,184
0,3,2,9,187,35,0,1,184
1,1,4,6,31,35,0,1,184
2,0,4,7,117,35,0,1,184
2,1,0,7,164,35,0,1,184
0,2,3,8,205,64,0,0,254
2,2,3,5,64,64,0,0,254
0,1,4,3,149,64,0,0,254
1,2,0,6,40,64,0,0,254
2,2,2,4,96,64,0,0,254
2,1,2,7,54,37,0,1,272
0,2,1,10,237,37,0,1,272
1,1,4,6,36,37,0,1,272
0,3,3,9,164,37,0,1,272
0,1,4,10,27,37,0,1,272
2,0,0,9,34,37,0,1,272
0,1,0,10,259,37,0,1,272
1,0,2,8,172,37,0,1,272
1,2,4,7,35,37,0,1,272
2,0,4,6,189,37,0,1,272
1,1,3,9,280,37,0,1,272
1,3,1,10,159,37,0,1,272
0,0,1,5,291,37,0,1,272
2,0,0,9,83,37,0,1,272
2,1,2,10,79,46,0,0,22
2,2,0,5,27,46,0,0,22
0,3,1,5,267,46,0,0,22
1,0,2,10,118,46,0,0,22
1,2,0,7,56,46,0,0,22
2,2,3,6,206,46,0,0,22
0,0,1,7,178,46,0,0,22
0,1,4,3,274,46,0,0,22
1,1,0,9,113,46,0,0,22
2,0,3,10,108,46,0,0,22
1,3,0,7,177,46,0,0,22
2,2,2,4,88,46,0,0,22
2,1,1,4,258,46,0,0,22
1,0,1,7,188,46,0,0,22
0,0,0,4,257,46,0,0,22
0,1,1,5,171,63,1,0,154
1,1,3,3,112,63,1,0,154
0,2,1,10,153,63,1,0,154
2,2,3,9,187,63,1,0,154
2,0,2,10,112,63,1,0,154
1,3,3,10,252,63,1,0,154
1,2,3,4,265,63,1,0,154
0,3,1,7,128,63,1,0,154
2,3,2,10,106,63,1,0,154
0,3,3,3,54,63,1,0,154
1,0,0,6,171,63,1,0,154
1,2,2,9,27,63,1,0,154
1,2,1,7,265,63,1,0,154
0,0,4,3,50,63,1,0,154
2,2,3,4,224,63,1,0,154
2,0,0,3,111,33,1,2,204
0,0,1,10,221,33,1,2,204
1,3,2,5,261,33,1,2,204
2,2,1,10,206,33,1,2,204
2,1,4,9,264,33,1,2,204
0,0,0,9,233,33,1,2,204
0,1,0,10,45,33,1,2,204
0,3,3,3,165,33,1,2,204
2,1,0,9,66,29,0,2,29
2,1,0,7,181,29,0,2,29
2,3,3,6,274,29,0,2,29
2,3,4,3,151,29,0,2,29
1,2,3,4,20,29,0,2,29
0,1,4,8,32,29,0,2,29
0,1,2,6,299,29,0,2,29
0,2,2,5,243,29,0,2,29
1,1,4,8,102,29,0,2,29
2,0,1,7,91,29,0,2,29
1,2,4,6,115,29,0,2,29
0,3,0,10,157,29,0,2,29
0,2,1,9,44,29,0,2,29
2,1,0,4,238,29,0,2,29
0,3,0,5,136,29,0,2,29
0,1,3,9,35,53,0,2,221
2,3,4,5,37,53,0,2,221
2,3,3,7,193,53,0,2,221
1,0,3,6,37,53,0,2,221
1,1,2,5,165,53,0,2,221
1,3,4,8,274,53,0,2,221
2,0,0,6,115,53,0,2,221
0,2,4,7,133,53,0,2,221
1,3,4,7,284,53,0,2,221
1,0,3,6,168,26,1,2,128
2,2,0,10,296,26,1,2,128
2,0,0,9,257,26,1,2,128
1,0,0,8,238,26,1,2,128
2,1,0,10,44,26,1,2,128
1,0,2,7,182,26,1,2,128
0,3,3,5,147,26,1,2,128
2,1,4,7,20,26,1,2,128
1,3,1,8,239,26,1,2,128
0,3,1,4,176,26,1,2,128
2,1,4,8,210,26,1,2,128
1,3,2,8,73,26,1,2,128
1,3,0,6,172,26,1,2,128
0,0,2,7,265,68,0,0,289
1,1,4,5,137,68,0,0,289
2,0,4,8,36,68,0,0,289
2,1,4,9,64,68,0,0,289
0,1,0,8,246,68,0,0,289
2,2,2,7,37,68,0,0,289
1,3,0,9,199,68,0,0,289
2,1,2,10,283,21,0,1,186
1,3,1,6,55,21,0,1,186
1,2,1,5,260,21,0,1,186
1,3,3,4,151,21,0,1,186
2,2,3,4,293,21,0,1,186
1,1,1,7,60,21,0,1,186
0,2,3,3,60,21,0,1,186
0,2,2,7,33,21,0,1,186
1,2,3,5,144,21,0,1,186
0,2,2,8,218,21,0,1,186
0,0,3,9,181,21,0,1,186
1,0,4,8,89,21,0,1,186
0,0,2,10,99,21,0,1,186
0,2,0,3,23,21,0,1,186
2,0,2,4,93,29,1,1,134
2,0,0,10,293,29,1,1,134
2,0,3,4,76,29,1,1,134
2,1,4,3,233,29,1,1,134
1,1,1,5,91,29,1,1,134
2,0,0,9,299,31,1,0,45
0,1,3,5,291,31,1,0,45
2,1,0,4,134,31,1,0,45
2,1,0,7,170,31,1,0,45
1,0,2,7,155,31,1,0,45
0,2,1,6,96,31,1,0,45
1,1,0,3,166,31,1,0,45
1,3,3,6,267,31,1,0,45
1,0,0,3,36,31,1,0,45
2,2,4,9,98,31,1,0,45
0,0,2,4,30,31,1,0,45
1,0,0,10,291,31,1,0,45
0,0,1,6,80,31,1,0,45
1,2,4,9,288,31,1,0,45
2,1,2,8,68,31,1,0,45
2,1,3,10,283,20,0,0,86
2,2,0,8,22,20,0,0,86
0,0,2,4,178,20,0,0,86
2,2,2,9,160,20,0,0,86
2,0,4,10,111,20,0,0,86
0,0,3,7,61,20,0,0,86
1,0,2,10,128,20,0,0,86
1,0,4,9,277,20,0,0,86
0,2,4,10,163,20,0,0,86
1,0,0,9,53,20,0,0,86
2,2,2,3,78,20,0,0,86
0,3,0,4,96,20,0,0,86
1,3,4,4,84,20,0,0,86
1,0,2,8,243,20,0,0,86
2,0,3,9,126,20,0,0,86
1,2,2,9,244,32,0,1,158
0,0,3,8,146,32,0,1,158
2,1,2,6,204,32,0,1,158
1,1,4,3,123,32,0,1,158
0,3,1,6,281,32,0,1,158
1,3,0,4,88,32,0,1,158
0,1,2,3,202,32,0,1,158
0,2,4,7,183,32,0,1,158
2,0,1,4,103,32,0,1,158
0,1,4,9,232,32,0,1,158
2,2,4,5,195,32,0,1,158
2,0,0,10,66,32,0,1,158
1,0,4,7,100,32,0,1,158
2,2,4,6,122,32,0,1,158
2,2,4,8,174,59,1,1,63
2,0,1,4,237,59,1,1,63
2,2,3,3,224,59,1,1,63
1,3,2,4,58,59,1,1,63
2,1,2,10,207,59,1,1,63
0,2,0,6,74,59,1,1,63
1,1,2,10,298,59,1,1,63
0,0,2,6,294,23,1,0,70
2,0,2,10,184,23,1,0,70
2,1,3,3,98,23,1,0,70
0,2,1,6,197,23,1,0,70
1,2,4,7,291,23,1,0,70
2,3,3,5,195,68,0,1,121
0,1,1,6,245,68,0,1,121
2,2,4,5,117,68,0,1,121
2,3,3,7,102,68,0,1,121
1,3,1,6,285,68,0,1,121
2,3,3,5,157,68,0,1,121
1,1,4,6,103,68,0,1,121
2,2,2,10,132,68,0,1,121
1,0,1,3,105,68,0,1,121
2,1,1,8,178,68,0,1,121
1,3,2,4,279,22,0,0,234
2,1,3,8,299,22,0,0,234
2,2,0,3,79,22,0,0,234
1,1,4,5,36,22,0,0,234
0,1,1,10,101,22,0,0,234
2,2,3,7,297,22,0,0,234
0,1,0,8,141,22,0,0,234
0,3,3,9,214,22,0,0,234
2,2,1,7,51,22,0,0,234
1,3,1,9,81,22,0,0,234
0,0,1,5,164,22,0,0,234
2,3,4,9,233,22,0,0,234
0,2,2,8,265,69,1,2,106
2,1,0,9,106,69,1,2,106
2,3,4,8,291,69,1,2,106
0,2,0,7,29,69,1,2,106
0,2,3,10,33,69,1,2,106
1,3,3,4,216,69,1,2,106
1,1,2,9,122,69,1,2,106
1,2,4,5,200,69,1,2,106
1,3,3,9,268,69,1,2,106
2,0,4,6,177,69,1,2,106
2,2,1,3,58,69,1,2,106
0,1,2,10,242,45,1,2,249
1,1,4,10,34,45,1,2,249
0,3,1,9,58,45,1,2,249
0,2,0,9,101,45,1,2,249
1,2,4,5,144,45,1,2,249
0,3,4,4,121,45,1,2,249
1,0,1,7,58,45,1,2,249
2,2,0,6,212,45,1,2,249
0,3,4,8,84,45,1,2,249
0,0,3,6,232,45,1,2,249
1,2,4,6,25,45,1,2,249
2,2,4,4,65,45,1,2,249
1,1,0,5,231,45,1,2,249
2,1,4,9,299,45,1,2,249
2,3,0,8,226,45,1,2,249
0,3,1,10,275,53,0,1,31
1,0,0,7,42,53,0,1,31
2,0,0,3,126,53,0,1,31
1,0,1,7,278,53,0,1,31
1,1,2,3,159,53,0,1,31
0,3,1,5,43,69,0,2,196
0,0,2,3,69,69,0,2,196
0,2,0,10,188,69,0,2,196
0,2,0,4,45,69,0,2,196
2,3,0,9,222,69,0,2,196
0,1,1,9,129,69,0,2,196
2,0,0,8,119,69,0,2,196
1,2,4,10,108,69,0,2,196
2,2,2,9,168,69,0,2,196
1,1,2,4,149,69,0,2,196
1,1,3,10,227,69,0,2,196
2,0,4,9,102,69,0,2,196
1,2,2,8,128,69,0,2,196
1,1,3,4,23,69,0,2,196
0,2,2,7,192,69,0,2,196
0,2,1,9,215,39,0,1,265
0,0,1,6,88,39,0,1,265
1,0,2,10,153,39,0,1,265
2,2,1,6,140,39,0,1,265
2,2,3,10,35,39,0,1,265
0,2,0,5,169,39,0,1,265
0,1,1,6,135,38,0,2,79
2,3,2,10,250,38,0,2,79
2,1,0,6,74,38,0,2,79
2,1,1,8,41,38,0,2,79
0,2,0,5,183,38,0,2,79
0,2,4,5,127,38,0,2,79
2,1,1,10,273,38,0,2,79
0,0,2,5,200,38,0,2,79
0,0,0,8,135,38,0,2,79
1,3,2,10,166,38,0,2,79
1,2,1,8,44,45,1,2,57
1,3,2,9,80,45,1,2,57
1,0,3,4,159,45,1,2,57
2,2,0,10,177,45,1,2,57
0,1,1,6,209,45,1,2,57
1,2,3,9,277,45,1,2,57
1,2,1,9,70,45,1,2,57
0,0,1,6,148,45,1,2,57
2,0,0,9,68,45,1,2,57
1,0,1,3,151,45,1,2,57
2,0,1,5,193,45,1,2,57
0,0,2,3,237,45,1,2,57
0,3,1,10,223,45,1,2,57
0,1,3,7,248,45,1,2,57
1,2,0,8,209,45,1,2,57
0,3,1,7,253,32,0,0,203
0,2,2,9,287,32,0,0,203
2,3,3,4,243,32,0,0,203
0,3,0,5,294,32,0,0,203
2,1,1,3,264,32,0,0,203
1,1,4,6,252,32,0,0,203
0,2,2,3,297,48,1,0,297
1,1,2,4,228,48,1,0,297
2,1,0,3,103,48,1,0,297
1,1,4,8,212,48,1,0,297
0,3,3,10,154,48,1,0,297
0,2,0,4,59,48,1,0,297
0,1,2,5,242,48,1,0,297
1,3,3,9,43,48,1,0,297
2,1,4,9,260,48,1,0,297
0,1,2,7,132,48,1,0,297
2,2,1,6,32,48,1,0,297
2,0,2,4,133,54,1,1,239
2,2,3,7,133,54,1,1,239
0,0,2,6,289,54,1,1,239
2,1,0,10,112,54,1,1,239
2,3,0,7,211,54,1,1,239
2,0,1,7,167,54,1,1,239
0,2,1,8,96,54,1,1,239
2,0,3,6,152,54,1,1,239
1,3,3,5,138,54,1,1,239
0,1,1,4,174,54,1,1,239
0,2,3,5,172,54,1,1,239
1,1,1,4,135,54,1,1,239
2,1,0,5,271,54,1,1,239
1,1,3,6,285,54,1,1,239
1,1,1,7,222,26,1,2,270
1,2,2,4,228,26,1,2,270
2,3,0,8,83,26,1,2,270
2,1,0,7,180,26,1,2,270
2,2,0,8,273,26,1,2,270
2,3,4,3,92,26,1,2,270
2,1,4,7,78,26,1,2,270
0,3,2,7,132,26,1,2,270
0,1,2,5,216,26,1,2,270
0,3,1,3,112,26,1,2,270
2,3,1,7,72,26,1,2,270
0,2,4,10,154,26,1,2,270
2,0,2,8,161,26,1,2,270
2,1,0,10,153,26,1,2,270
1,3,4,3,167,26,1,2,270
2,1,3,8,169,66,0,2,24
0,1,2,9,62,66,0,2,24
0,3,3,10,157,66,0,2,24
0,1,3,10,118,66,0,2,24
1,3,0,9,263,66,0,2,24
1,2,2,8,259,66,0,2,24
0,0,3,7,48,66,0,2,24
0,2,3,10,194,66,0,2,24
1,3,0,7,104,66,0,2,24
0,2,0,10,110,66,0,2,24
1,1,3,3,161,30,1,1,83
0,0,4,5,291,30,1,1,83
1,1,1,9,178,30,1,1,83
2,0,0,8,59,30,1,1,83
0,2,4,5,256,30,1,1,83
2,0,1,6,266,30,1,1,83
2,2,4,8,92,30,1,1,83
1,1,4,7,214,30,1,1,83
2,2,3,10,197,30,1,1,83
2,0,1,3,143,30,1,1,83
2,3,4,6,207,64,1,1,162
0,3,3,9,161,64,1,1,162
2,2,3,5,210,64,1,1,162
2,2,2,8,116,64,1,1,162
1,0,2,6,151,64,1,1,162
0,3,3,10,65,64,1,1,162
0,3,2,4,259,64,1,1,162
0,2,3,8,174,64,1,1,162
1,3,2,3,147,64,1,1,162
0,2,0,10,113,64,1,1,162
1,0,4,5,87,64,1,1,162
1,0,3,5,216,64,1,1,162
0,0,4,4,58,64,1,1,162
0,1,2,8,124,64,1,1,162
1,0,3,7,251,64,1,1,162
0,3,1,3,285,61,1,1,25
2,2,0,5,172,61,1,1,25
2,1,3,7,47,61,1,1,25
2,2,4,6,117,61,1,1,25
2,0,2,7,129,61,1,1,25
0,2,4,7,251,56,0,0,194
1,0,0,3,129,56,0,0,194
0,2,2,8,81,56,0,0,194
0,1,4,6,257,56,0,0,194
1,1,3,10,80,56,0,0,194
0,0,0,8,271,56,0,0,194
1,0,0,9,89,51,0,2,279
0,2,3,5,264,51,0,2,279
1,0,3,5,220,51,0,2,279
2,1,1,8,229,51,0,2,279
1,3,2,6,55,51,0,2,279
0,2,4,8,96,51,0,2,279
2,0,0,10,241,51,0,2,279
2,0,2,9,214,51,0,2,279
1,3,4,8,178,51,0,2,279
1,1,1,3,59,51,0,2,279
1,2,3,6,118,51,0,2,279
2,3,0,7,252,51,0,2,279
1,2,3,4,20,51,0,2,279
1,3,1,4,122,70,1,2,267
1,2,0,3,143,70,1,2,267
0,2,2,8,128,70,1,2,267
2,0,2,3,291,70,1,2,267
0,3,2,4,33,70,1,2,267
1,3,4,10,114,70,1,2,267
2,1,2,6,44,70,1,2,267
0,3,2,5,101,70,1,2,267
2,3,3,3,45,70,1,2,267
0,1,2,4,169,70,1,2,267
2,3,4,9,109,70,1,2,267
2,0,2,7,74,70,1,2,267
2,0,2,9,119,70,1,2,267
2,3,1,9,296,45,1,1,236
2,2,0,7,153,45,1,1,236
2,2,1,7,174,45,1,1,236
2,1,3,8,74,45,1,1,236
2,1,1,4,75,45,1,1,236
1,3,4,5,93,45,1,1,236
1,1,3,4,287,45,1,1,236
2,3,2,9,143,45,1,1,236
0,0,4,7,25,64,1,2,73
1,2,1,6,189,64,1,2,73
2,1,3,3,56,64,1,2,73
2,0,0,7,106,64,1,2,73
1,2,3,5,245,64,1,2,73
1,3,3,8,252,64,1,2,73
1,0,2,5,298,64,1,2,73
0,2,1,5,200,64,1,2,73
0,2,0,7,178,64,1,2,73
0,0,2,10,149,64,1,2,73
0,1,4,4,160,64,1,2,73
2,1,0,4,246,64,1,2,73
2,3,0,7,136,64,1,2,73
1,3,1,7,273,64,1,2,73
0,1,1,8,174,42,1,2,15
1,3,4,5,104,42,1,2,15
1,3,1,7,206,42,1,2,15
1,3,2,8,25,42,1,2,15
1,3,1,3,248,42,1,2,15
2,0,0,3,24,42,1,2,15
0,2,0,4,249,42,1,2,15
1,1,4,5,281,42,1,2,15
0,2,0,5,23,42,1,2,15
2,3,1,10,173,47,0,0,288
0,2,4,8,208,47,0,0,288
2,0,4,4,239,47,0,0,288
1,3,0,4,216,47,0,0,288
2,3,3,4,120,47,0,0,288
0,2,3,8,130,47,0,0,288
0,3,3,10,299,47,0,0,288
0,2,3,4,29,47,0,0,288
0,1,4,10,102,47,0,0,288
1,3,4,8,255,47,0,0,288
1,2,2,5,184,47,0,0,288
1,2,1,10,132,47,0,0,288
0,2,2,3,124,47,0,0,288
0,2,2,5,24,47,1,2,190
2,3,2,6,55,47,1,2,190
1,2,0,3,28,47,1,2,190
1,1,2,10,195,47,1,2,190
2,0,1,10,166,47,1,2,190
2,3,2,3,60,47,1,2,190
1,0,0,3,246,47,1,2,190
1,1,3,4,298,47,1,2,190
2,2,1,8,252,47,1,2,190
0,1,1,6,201,47,1,2,190
2,0,1,7,256,47,1,2,190
0,0,2,9,95,63,0,0,229
1,0,2,5,61,63,0,0,229
2,3,4,10,294,63,0,0,229
1,1,3,8,276,63,0,0,229
1,2,3,9,83,63,0,0,229
0,3,2,6,196,63,0,0,229
0,2,2,6,64,63,0,0,229
0,0,2,5,161,63,0,0,229
1,0,4,10,174,63,0,0,229
0,2,3,6,99,63,0,0,229
0,3,3,9,190,63,0,0,229
0,0,0,9,139,63,0,0,229
1,1,1,3,233,63,0,0,229
0,3,1,10,190,63,0,0,229
1,0,4,4,216,46,1,0,277
2,3,4,5,169,46,1,0,277
2,3,0,6,260,46,1,0,277
2,3,3,6,252,46,1,0,277
1,3,0,7,157,46,1,0,277
1,1,1,4,83,46,1,0,277
1,0,2,8,259,46,1,0,277
2,2,2,8,23,46,1,0,277
1,0,2,4,269,46,1,0,277
1,0,3,8,107,46,1,0,277
1,1,4,9,226,43,0,0,232
1,0,1,5,181,43,0,0,232
1,2,0,5,283,43,0,0,232
2,2,3,10,213,43,0,0,232
0,2,1,6,252,43,0,0,232
0,0,3,3,54,43,0,0,232
1,2,4,7,120,43,0,0,232
0,2,3,8,273,43,0,0,232
2,2,1,4,86,43,0,0,232
1,3,4,3,33,43,0,0,232
2,2,4,4,196,43,0,0,232
1,0,1,8,260,28,0,2,90
1,3,1,10,111,28,0,2,90
2,2,4,6,85,28,0,2,90
0,1,4,7,98,28,0,2,90
2,1,4,9,56,28,0,2,90
1,1,3,3,33,46,1,1,13
1,1,2,10,255,46,1,1,13
1,0,2,8,115,46,1,1,13
2,1,1,8,183,46,1,1,13
1,1,3,3,111,46,1,1,13
1,0,3,6,246,46,1,1,13
0,2,0,9,115,46,1,1,13
1,3,0,5,150,46,1,1,13
0,0,4,3,298,46,1,1,13
1,3,1,5,100,46,1,1,13
2,3,1,8,162,46,1,1,13
1,3,4,3,214,65,0,1,78
0,3,2,9,23,65,0,1,78
0,3,1,7,294,65,0,1,78
0,3,4,5,273,65,0,1,78
0,3,0,6,47,65,0,1,78
1,2,3,10,82,65,0,1,78
1,3,1,8,264,65,0,1,78
1,3,0,9,185,65,0,1,78
2,3,1,10,285,65,0,1,78
0,0,4,4,233,32,1,2,227
0,3,3,8,284,32,1,2,227
2,3,3,3,152,32,1,2,227
1,2,2,3,219,32,1,2,227
2,0,3,10,80,32,1,2,227
0,2,0,7,167,67,0,0,285
0,0,0,4,232,67,0,0,285
1,1,0,4,204,67,0,0,285
0,3,0,3,206,67,0,0,285
1,2,0,5,28,67,0,0,285
1,2,1,6,58,67,0,0,285
2,3,2,8,247,67,0,0,285
2,3,0,4,93,67,0,0,285
2,1,4,8,269,67,0,0,285
2,1,0,10,139,67,0,0,285
2,1,4,5,138,48,0,1,67
1,1,0,7,248,48,0,1,67
0,2,1,3,87,48,0,1,67
2,3,3,4,82,48,0,1,67
2,2,4,8,166,48,0,1,67
1,2,2,8,124,48,0,1,67
1,1,1,4,205,48,0,1,67
0,3,1,8,114,48,0,1,67
1,3,1,4,115,48,0,1,67
2,3,2,4,80,48,0,1,67
2,2,4,6,84,48,0,1,67
2,0,2,4,210,48,0,1,67
0,0,2,3,238,48,0,1,67
0,3,3,3,239,50,0,1,84
2,1,4,5,151,50,0,1,84
1,3,1,6,95,50,0,1,84
0,0,3,4,260,50,0,1,84
2,1,0,6,276,50,0,1,84
1,2,1,4,285,50,0,1,84
2,0,4,6,55,50,0,1,84
1,1,2,9,31,50,0,1,84
0,0,4,9,284,34,0,1,161
2,1,2,9,145,34,0,1,161
0,0,3,8,91,34,0,1,161
1,0,3,10,194,34,0,1,161
0,1,2,9,171,34,0,1,161
2,1,1,5,288,34,0,1,161
2,0,1,5,109,34,0,1,161
1,2,3,4,26,34,0,1,161
2,0,0,9,42,38,1,1,183
1,2,1,5,271,38,1,1,183
0,0,2,4,212,38,1,1,183
0,2,0,4,179,38,1,1,183
1,2,1,4,224,38,1,1,183
1,0,3,3,269,38,1,1,183
2,3,3,7,146,38,1,1,183
2,3,2,7,133,20,0,0,85
2,0,3,6,162,20,0,0,85
2,1,4,4,190,20,0,0,85
2,3,1,6,205,20,0,0,85
1,2,4,8,223,20,0,0,85
1,2,4,7,137,20,0,0,85
0,1,1,8,89,20,0,0,85
2,3,3,7,270,20,0,0,85
1,3,0,4,194,42,1,0,273
0,3,0,9,218,42,1,0,273
2,2,1,10,234,42,1,0,273
1,0,1,4,204,42,1,0,273
1,3,3,4,102,42,1,0,273
1,0,2,6,61,42,1,0,273
2,1,0,3,48,42,1,0,273
2,0,1,5,228,42,1,0,273
1,0,1,10,240,42,1,0,273
0,0,1,4,215,42,1,0,273
2,0,0,4,264,42,1,0,273
1,1,2,8,284,42,1,0,273
1,1,3,3,133,45,0,1,54
2,2,4,9,217,45,0,1,54
1,2,4,7,174,45,0,1,54
0,2,3,6,216,45,0,1,54
0,2,1,10,296,45,0,1,54
2,0,2,4,151,45,0,1,54
2,2,2,5,38,45,0,1,54
2,2,4,8,298,45,0,1,54
2,1,0,7,222,30,0,2,238
1,3,0,4,155,30,0,2,238
2,3,3,5,63,30,0,2,238
2,0,2,3,287,30,0,2,238
1,0,4,5,98,30,0,2,238
0,2,3,5,48,30,0,2,238
0,3,3,6,62,30,0,2,238
1,1,3,7,269,30,0,2,238
2,1,1,5,66,63,0,1,215
0,0,0,10,294,63,0,1,215
1,1,0,10,144,63,0,1,215
1,1,2,4,243,63,0,1,215
1,3,2,8,243,63,0,1,215
0,0,3,5,81,63,0,1,215
2,3,0,4,83,63,0,1,215
1,1,3,7,163,63,0,1,215
0,0,0,3,52,24,1,1,165
0,0,3,6,161,24,1,1,165
1,2,1,10,71,24,1,1,165
0,1,2,5,87,24,1,1,165
0,3,3,4,211,24,1,1,165
1,0,0,3,257,24,1,1,165
2,3,1,9,60,24,1,1,165
2,1,0,10,103,24,1,1,165
0,3,3,9,66,24,1,1,165
2,0,0,7,184,24,1,1,165
0,2,4,7,279,24,1,1,165
2,0,1,7,237,24,1,1,165
0,0,4,8,215,24,1,1,165
2,2,3,10,288,24,1,1,165
1,2,0,5,253,24,1,1,165
0,1,1,9,185,48,0,0,129
2,0,2,3,63,48,0,0,129
2,1,0,3,212,48,0,0,129
2,2,0,10,206,48,0,0,129
0,3,0,3,107,48,0,0,129
1,0,1,9,244,48,0,0,129
1,2,4,3,28,48,0,0,129
0,2,3,9,186,48,0,0,129
1,2,4,3,211,48,0,0,129
1,3,1,4,109,48,0,0,129
0,1,4,6,263,48,0,0,129
2,3,0,7,282,20,0,2,131
2,3,3,10,236,20,0,2,131
1,0,0,6,189,20,0,2,131
2,1,1,8,279,20,0,2,131
0,3,1,6,204,20,0,2,131
2,0,2,6,56,20,0,2,131
1,3,3,9,107,20,0,2,131
0,2,1,5,281,20,0,2,131
1,2,2,3,26,20,0,2,131
2,0,1,10,75,20,0,2,131
1,2,3,5,111,20,0,2,131
0,2,3,8,296,20,0,2,131
2,2,0,9,122,20,0,2,131
1,0,2,9,274,46,1,2,26
2,3,1,5,241,46,1,2,26
1,3,0,6,135,46,1,2,26
1,0,3,8,198,46,1,2,26
2,2,2,3,105,46,1,2,26
0,0,0,10,208,46,1,2,26
0,0,4,6,120,67,0,1,208
0,2,3,10,194,67,0,1,208
0,3,1,9,79,67,0,1,208
0,0,2,4,241,67,0,1,208
0,3,2,9,66,67,0,1,208
1,3,1,9,60,67,0,1,208
1,0,4,3,280,67,0,1,208
1,1,4,9,115,67,0,1,208
1,0,3,7,236,67,0,1,208
2,0,2,7,240,67,0,1,208
2,2,4,7,77,67,0,1,208
0,3,1,6,47,67,0,1,208
0,2,1,4,90,67,0,1,208
2,3,0,4,72,54,1,1,40
1,2,4,3,127,54,1,1,40
2,1,0,6,254,54,1,1,40
1,0,0,8,84,54,1,1,40
0,3,3,8,266,54,1,1,40
2,1,0,5,235,54,1,1,40
0,1,2,7,90,54,1,1,40
2,2,3,3,174,54,1,1,40
1,1,0,9,193,54,1,1,40
1,3,3,6,170,54,1,1,40
0,3,2,8,192,70,0,0,148
2,2,3,10,212,70,0,0,148
2,2,4,5,145,70,0,0,148
0,1,2,6,194,70,0,0,148
0,2,1,10,94,70,0,0,148
0,3,1,4,32,70,0,0,148
1,0,1,3,249,66,1,0,75
1,1,3,9,113,66,1,0,75
1,2,4,8,265,66,1,0,75
2,2,1,8,182,66,1,0,75
0,3,0,5,166,66,1,0,75
2,3,1,5,201,66,1,0,75
0,1,1,7,25,66,1,0,75
2,1,4,4,23,66,1,0,75
0,0,0,7,281,23,1,2,275
1,3,3,10,228,23,1,2,275
2,3,3,8,70,23,1,2,275
2,0,0,7,292,23,1,2,275
1,2,0,6,137,23,1,2,275
1,3,0,8,70,64,0,2,32
0,0,1,10,275,64,0,2,32
2,2,3,10,212,64,0,2,32
1,0,3,3,151,64,0,2,32
0,2,2,6,36,64,0,2,32
0,2,2,10,252,64,0,2,32
0,3,1,4,32,64,0,2,32
1,1,2,9,42,64,0,2,32
2,1,1,7,225,64,0,2,32
2,0,3,7,34,64,0,2,32
2,0,3,7,117,69,1,0,163
2,3,4,7,290,69,1,0,163
1,3,3,3,200,69,1,0,163
1,2,0,8,265,69,1,0,163
0,2,2,7,206,69,1,0,163
2,0,4,10,197,69,1,0,163
0,0,1,4,85,69,1,0,163
0,0,1,10,123,69,1,0,163
2,2,0,9,109,69,1,0,163
0,0,2,6,260,69,1,0,163
2,3,0,5,35,69,1,0,163
1,0,3,4,100,69,1,0,163
2,3,0,8,54,69,1,0,163
2,2,4,6,200,69,1,0,163
1,0,2,3,167,69,1,0,163
2,1,4,10,70,39,0,2,225
2,0,4,4,54,39,0,2,225
0,0,4,6,35,39,0,2,225
1,2,2,9,226,39,0,2,225
1,3,1,4,96,39,0,2,225
1,2,3,6,60,39,0,2,225
2,2,4,8,113,39,0,2,225
1,2,4,6,157,55,0,2,299
1,1,4,6,97,55,0,2,299
2,1,0,5,291,55,0,2,299
2,0,3,8,20,55,0,2,299
2,2,2,4,33,55,0,2,299
1,1,3,7,132,41,1,1,30
1,0,2,4,121,41,1,1,30
1,1,1,7,121,41,1,1,30
2,3,0,3,160,41,1,1,30
1,0,1,7,147,41,1,1,30
0,0,2,7,251,41,1,1,30
0,0,4,7,153,41,1,1,30
0,1,0,9,122,41,1,1,30
0,2,4,10,215,41,1,1,30
2,1,2,6,71,41,1,1,30
2,0,4,9,200,41,1,1,30
1,3,4,9,52,41,1,1,30
1,1,0,4,257,41,1,1,30
1,1,3,6,220,41,1,1,30
2,0,1,10,219,41,1,1,30
2,3,4,9,117,21,1,1,59
1,0,3,3,215,21,1,1,59
2,2,1,8,262,21,1,1,59
2,3,4,4,75,21,1,1,59
1,2,2,4,98,21,1,1,59
1,1,2,5,273,21,1,1,59
0,3,1,10,198,21,1,1,59
1,3,2,5,256,21,1,1,59
1,1,3,8,71,21,1,1,59
2,0,1,10,162,70,0,2,226
1,0,2,7,290,70,0,2,226
1,3,4,4,230,70,0,2,226
2,3,2,3,39,70,0,2,226
2,1,3,3,39,70,0,2,226
1,0,4,4,241,70,0,2,226
1,3,3,6,203,70,0,2,226
0,1,4,5,187,70,0,2,226
1,0,2,3,91,70,0,2,226
0,0,1,7,295,70,0,2,226
0,1,0,9,269,70,0,2,226
1,3,3,6,149,70,0,2,226
0,3,4,4,59,46,0,1,199
2,0,3,6,60,46,0,1,199
0,1,0,8,66,46,0,1,199
1,1,0,9,104,46,0,1,199
1,3,3,8,289,46,0,1,199
1,0,3,3,231,70,1,0,287
2,3,0,5,179,70,1,0,287
2,2,4,7,267,70,1,0,287
0,3,1,5,62,70,1,0,287
0,2,4,7,75,70,1,0,287
1,3,1,9,203,70,1,0,287
2,1,1,9,153,70,1,0,287
1,0,3,9,61,70,1,0,287
2,0,3,4,50,70,1,0,287
2,0,1,6,77,26,1,1,268
1,3,4,8,113,26,1,1,268
2,2,4,4,37,26,1,1,268
0,2,4,7,78,26,1,1,268
0,2,0,5,91,26,1,1,268
0,1,2,4,118,26,1,1,268
1,2,2,8,61,26,1,1,268
2,3,0,3,286,26,1,1,268
1,3,3,9,171,26,1,1,268
2,3,2,8,166,26,1,1,268
1,2,3,9,269,57,1,2,125
0,2,1,5,39,57,1,2,125
1,1,1,5,205,57,1,2,125
0,1,2,5,268,57,1,2,125
1,2,0,8,30,57,1,2,125
0,2,2,10,133,57,1,2,125
0,3,2,6,300,57,1,2,125
2,2,0,4,94,57,1,2,125
1,3,4,8,63,57,1,2,125
0,1,2,8,129,57,1,2,125
2,1,2,8,76,57,1,2,125
0,2,4,9,65,21,0,0,198
0,2,0,8,26,21,0,0,198
2,2,4,3,94,21,0,0,198
0,3,4,8,282,21,0,0,198
0,2,4,3,58,21,0,0,198
1,3,0,7,109,21,0,0,198
1,2,2,9,58,21,0,0,198
0,0,2,9,29,21,0,0,198
0,1,4,10,155,21,0,0,198
0,2,1,7,291,21,0,0,198
1,3,0,10,195,21,0,0,198
2,0,4,9,120,21,0,0,198
0,3,0,6,185,21,0,0,198
0,3,3,3,162,21,0,0,198
1,1,4,5,255,56,0,0,14
1,0,4,9,253,56,0,0,14
2,2,0,4,97,56,0,0,14
0,3,1,10,30,56,0,0,14
2,0,1,4,251,56,0,0,14
1,2,3,3,29,56,0,0,14
0,1,0,4,120,56,0,0,14
2,0,4,6,266,64,0,1,290
0,0,0,7,48,64,0,1,290
1,2,0,8,44,64,0,1,290
0,1,3,6,171,64,0,1,290
0,0,4,9,243,64,0,1,290
0,2,3,7,128,64,0,1,290
1,3,4,7,244,64,0,1,290
1,2,2,4,96,64,0,1,290
2,2,0,8,39,64,0,1,290
1,0,0,6,45,64,0,1,290
1,2,0,3,106,64,0,1,290
0,0,1,4,94,37,1,0,170
0,2,3,6,82,37,1,0,170
0,0,4,10,234,37,1,0,170
1,1,3,7,136,37,1,0,170
0,0,4,8,58,37,1,0,170
0,2,3,6,196,37,1,0,170
2,0,0,6,221,37,1,0,170
0,3,3,5,77,37,1,0,170
1,1,1,4,246,37,1,0,170
0,3,4,8,139,46,1,1,89
2,1,1,5,249,46,1,1,89
1,3,1,10,237,46,1,1,89
1,1,2,6,84,46,1,1,89
2,0,0,6,251,46,1,1,89
2,1,0,5,198,46,1,1,89
1,1,0,7,62,19,0,1,261
1,3,1,3,293,19,0,1,261
2,2,2,9,97,19,0,1,261
0,3,4,7,272,19,0,1,261
2,1,3,4,48,19,0,1,261
0,2,3,3,189,19,0,1,261
2,3,0,10,300,19,0,1,261
2,0,2,4,25,19,0,1,261
0,2,3,9,52,19,0,1,261
0,3,3,7,173,19,0,1,261
1,0,1,3,83,19,0,1,261
1,0,2,8,64,19,0,1,261
1,2,0,4,96,18,0,0,257
1,0,0,8,171,18,0,0,257
2,1,1,6,163,18,0,0,257
1,0,3,9,109,18,0,0,257
0,2,2,8,75,18,0,0,257
0,0,3,7,33,18,0,0,257
0,1,3,6,223,18,0,0,257
2,1,4,5,227,18,0,0,257
2,0,2,6,149,18,0,0,257
1,2,1,4,213,18,0,0,257
0,0,1,4,177,18,0,0,257
1,1,0,8,149,18,0,0,257
0,2,3,3,94,53,1,2,210
2,2,2,9,104,53,1,2,210
1,0,4,3,103,53,1,2,210
2,0,0,3,131,53,1,2,210
0,0,3,8,161,53,1,2,210
0,1,3,8,222,53,1,2,210
0,3,2,8,171,53,1,2,210
2,2,1,6,72,53,1,2,210
0,0,4,4,54,53,1,2,210
0,2,3,9,168,53,1,2,210
1,3,0,4,36,32,1,0,245
0,1,2,9,176,32,1,0,245
1,2,2,5,110,32,1,0,245
2,3,4,5,79,32,1,0,245
1,3,1,6,237,32,1,0,245
0,2,4,9,221,32,1,0,245
2,1,2,5,229,32,1,0,245
0,3,2,5,195,32,1,0,245
0,2,3,4,280,32,1,0,245
1,3,4,4,294,32,1,0,245
0,3,3,4,80,32,1,0,245
2,3,1,10,255,32,1,0,245
0,0,4,9,165,56,0,0,6
2,2,3,10,298,56,0,0,6
2,0,2,6,253,56,0,0,6
2,3,0,8,190,56,0,0,6
0,0,4,7,36,56,0,0,6
2,1,4,4,245,46,1,2,159
0,0,4,6,63,46,1,2,159
0,1,4,8,277,46,1,2,159
0,0,4,7,138,46,1,2,159
0,1,4,3,37,46,1,2,159
1,0,4,3,289,46,1,2,159
0,2,0,7,174,46,1,2,159
2,2,3,10,59,46,1,2,159
1,3,0,5,32,46,1,2,159
1,0,1,8,226,46,1,2,159
2,0,0,4,89,52,0,1,276
2,2,0,10,109,52,0,1,276
2,3,0,6,255,52,0,1,276
1,1,1,3,193,52,0,1,276
2,0,1,5,206,52,0,1,276
2,1,0,9,171,68,0,2,182
1,3,1,4,102,68,0,2,182
0,0,4,4,163,68,0,2,182
2,3,3,3,78,68,0,2,182
1,2,2,10,239,68,0,2,182
0,0,0,9,255,68,0,2,182
2,1,3,9,48,68,0,2,182
2,2,3,10,255,44,0,0,60
2,0,3,3,34,44,0,0,60
0,2,4,3,26,44,0,0,60
1,0,0,4,123,44,0,0,60
1,2,3,7,124,44,0,0,60
1,0,1,10,194,44,0,0,60
2,1,0,3,254,44,0,0,60
0,3,4,4,38,44,0,0,60
1,3,3,5,237,44,0,0,60
2,0,4,7,299,44,0,0,60
2,3,0,3,190,44,0,0,60
1,2,3,4,101,44,0,0,60
1,3,0,9,289,36,0,2,167
0,2,3,7,173,36,0,2,167
0,1,3,8,175,36,0,2,167
0,2,1,6,151,36,0,2,167
0,2,3,5,114,36,0,2,167
0,1,4,6,290,36,0,2,167
1,0,4,3,184,36,0,2,167
2,1,1,4,121,36,0,2,167
2,2,4,4,300,36,0,2,167
2,1,4,3,282,36,0,2,167
2,3,1,4,212,36,0,2,167
2,2,1,7,235,36,0,2,167
1,3,1,10,133,27,1,0,149
0,0,3,10,147,27,1,0,149
2,2,1,10,243,27,1,0,149
1,3,1,8,230,27,1,0,149
1,2,3,5,163,27,1,0,149
1,2,0,6,112,27,1,0,149
1,1,1,4,167,27,1,0,149
0,3,1,5,248,31,1,1,247
0,1,0,5,60,31,1,1,247
2,3,4,6,20,31,1,1,247
2,1,4,9,90,31,1,1,247
1,0,2,5,145,31,1,1,247
2,3,4,9,116,31,1,1,247
0,3,0,7,204,31,1,1,247
1,1,1,8,126,31,1,1,247
1,2,2,7,239,31,1,1,247
1,2,4,4,173,31,1,1,247
1,3,1,9,229,31,1,1,247
2,0,3,10,263,31,1,1,247
1,0,1,5,299,31,1,1,247
1,1,2,9,32,31,1,1,247
1,0,1,6,252,31,1,1,247
0,3,1,4,212,54,0,0,91
0,3,1,8,286,54,0,0,91
1,2,1,4,189,54,0,0,91
1,1,2,5,187,54,0,0,91
1,1,0,8,166,54,0,0,91
0,2,0,7,281,54,0,0,91
2,1,4,7,211,54,0,0,91
1,3,1,6,49,54,0,0,91
0,1,3,9,65,54,0,0,91
2,0,1,5,43,54,0,0,91
0,3,2,3,188,54,0,0,91
2,0,3,4,103,54,0,0,91
1,3,2,8,227,54,0,0,91
0,2,3,5,112,54,0,0,91
1,0,2,9,261,24,1,1,224
1,0,0,9,247,24,1,1,224
2,1,0,9,179,24,1,1,224
1,1,4,4,136,24,1,1,224
2,3,1,6,203,24,1,1,224
0,0,2,9,73,37,0,0,56
2,0,2,7,258,37,0,0,56
0,3,3,4,111,37,0,0,56
2,2,2,3,91,37,0,0,56
2,0,0,7,242,37,0,0,56
0,2,4,7,158,37,0,0,56
2,0,1,9,56,37,0,0,56
1,1,4,10,70,37,0,0,56
0,0,4,5,80,37,0,0,56
2,3,0,6,122,37,0,0,56
0,0,2,6,179,37,0,0,56
2,0,1,8,64,37,0,0,56
0,0,2,5,252,37,0,0,56
1,1,0,10,246,37,0,0,56
0,1,2,9,24,59,0,1,259
2,3,0,6,149,59,0,1,259
2,1,4,10,168,59,0,1,259
2,2,2,8,144,59,0,1,259
0,3,2,5,139,59,0,1,259
2,2,0,9,70,59,0,1,259
0,2,1,5,240,59,0,1,259
2,0,0,9,170,54,1,2,174
2,0,1,10,273,54,1,2,174
2,1,3,5,173,54,1,2,174
1,2,3,9,153,54,1,2,174
1,2,0,8,231,54,1,2,174
0,3,2,3,150,54,1,2,174
2,1,3,7,277,54,1,2,174
0,1,3,8,265,54,1,2,174
2,0,1,9,243,54,1,2,174
2,1,0,6,45,54,1,2,174
2,0,3,4,111,54,1,2,174
2,1,4,8,52,54,1,2,174
1,3,4,8,21,54,1,2,109
0,1,4,9,69,54,1,2,109
0,2,1,6,141,54,1,2,109
1,0,0,5,48,54,1,2,109
0,1,1,3,139,54,1,2,109
1,1,3,6,132,54,1,2,109
1,2,1,4,180,54,1,2,109
0,0,2,9,45,54,1,2,109
1,2,2,6,34,58,0,0,111
0,0,2,4,55,58,0,0,111
0,3,1,5,190,58,0,0,111
1,1,0,9,148,58,0,0,111
2,1,0,6,245,58,0,0,111
1,2,1,4,27,58,0,0,111
0,1,2,9,83,58,0,0,111
2,2,0,3,235,58,0,0,111
0,2,4,8,273,58,0,0,111
2,1,0,7,198,58,0,0,111
2,3,3,9,214,58,0,0,111
2,3,0,6,192,58,0,0,111
1,3,1,4,44,58,0,0,111
1,1,0,6,107,58,0,0,111
1,3,4,10,250,58,0,0,111
0,3,4,8,71,38,0,0,141
0,3,2,8,144,38,0,0,141
2,2,4,6,147,38,0,0,141
0,0,2,3,219,38,0,0,141
1,2,3,8,106,38,0,0,141
2,2,0,4,38,38,0,0,141
1,0,2,9,70,38,0,0,141
2,0,3,4,120,38,0,0,141
1,0,0,4,215,38,0,0,141
1,0,3,10,94,38,0,0,141
1,2,2,3,225,38,0,0,141
0,0,0,9,90,38,0,0,141
2,1,1,9,178,38,0,0,141
1,0,1,10,289,20,0,2,4
2,1,3,5,84,20,0,2,4
1,2,3,3,112,20,0,2,4
1,2,2,7,291,20,0,2,4
0,0,2,6,164,20,0,2,4
2,0,0,9,171,20,0,2,4
0,2,1,10,32,20,0,2,4
1,1,3,3,57,20,0,2,4
1,0,2,8,91,51,0,2,126
1,3,4,3,285,51,0,2,126
0,2,1,10,280,51,0,2,126
1,0,3,5,101,51,0,2,126
0,3,1,5,225,51,0,2,126
1,0,3,3,108,51,0,2,126
2,0,4,7,253,51,0,2,126
2,1,2,8,300,51,0,2,126
1,0,2,5,196,51,0,2,126
1,1,1,7,75,51,0,2,126
2,2,2,3,270,51,0,2,126
2,3,2,6,91,51,0,2,126
1,0,3,8,291,63,0,2,206
1,2,3,5,238,63,0,2,206
2,3,3,5,146,63,0,2,206
2,1,4,8,180,63,0,2,206
0,3,0,4,284,63,0,2,206
2,3,3,10,88,63,0,2,206
2,0,4,3,277,63,0,2,206
1,2,1,3,24,63,0,2,206
2,3,0,7,245,63,0,2,206
1,3,0,5,288,63,0,2,206
2,2,3,10,155,63,0,2,206
2,2,1,7,24,63,0,2,206
1,0,0,9,201,63,0,2,206
0,0,2,7,174,63,0,2,206
2,2,1,8,215,63,0,2,206
2,1,4,7,155,62,1,1,101
1,0,4,10,197,62,1,1,101
2,0,3,9,81,62,1,1,101
2,3,4,5,211,62,1,1,101
2,0,0,7,238,62,1,1,101
0,1,1,5,201,62,1,1,101
2,3,4,4,185,62,1,1,101
0,2,3,4,280,62,1,1,101
2,2,2,6,244,62,1,1,101
0,3,2,10,223,62,1,1,101
2,0,4,7,153,62,1,1,101
0,0,1,3,126,32,0,0,262
1,3,2,6,262,32,0,0,262
2,0,3,4,168,32,0,0,262
2,0,1,6,180,32,0,0,262
0,0,0,10,29,32,0,0,262
1,3,4,7,78,32,0,0,262
0,3,3,3,135,32,0,0,262
2,0,0,8,178,32,0,0,262
0,1,0,3,173,32,0,0,262
1,1,4,5,282,32,0,0,262
1,3,3,7,38,32,0,0,262
2,0,3,5,280,34,1,2,219
0,2,1,6,105,34,1,2,219
0,3,4,7,105,34,1,2,219
0,3,1,9,278,34,1,2,219
1,0,1,9,119,34,1,2,219
2,1,4,10,247,34,1,2,219
1,3,2,5,259,34,1,2,219
2,3,3,7,154,34,1,2,219
1,1,4,8,130,34,1,2,219
0,1,3,3,125,34,1,2,219
0,0,1,5,47,34,1,2,219
2,0,0,4,258,34,1,2,219
0,3,1,6,152,34,1,2,219
2,1,0,7,80,31,0,1,252
1,0,1,9,110,31,0,1,252
1,0,1,3,224,31,0,1,252
0,1,2,8,284,31,0,1,252
1,3,0,5,53,31,0,1,252
1,0,1,4,87,31,0,1,252
2,2,3,3,245,31,0,1,252
1,0,4,4,216,31,0,1,252
0,0,2,9,73,31,0,1,252
1,2,2,8,107,31,0,1,252
2,1,0,7,245,31,0,1,252
0,2,2,9,102,31,0,1,252
0,2,1,6,214,31,0,1,252
1,1,1,8,24,31,0,1,252
0,2,0,5,202,28,0,2,120
1,2,3,6,141,28,0,2,120
1,3,4,4,42,28,0,2,120
1,3,4,3,170,28,0,2,120
2,0,1,8,32,28,0,2,120
2,3,0,3,58,28,0,2,120
1,0,4,10,100,28,0,2,120
1,0,0,10,73,28,0,2,120
0,0,1,6,300,28,0,2,120
1,3,2,8,256,28,0,2,120
1,1,0,10,30,28,0,2,120
1,2,1,7,158,32,1,0,231
1,0,4,8,102,32,1,0,231
2,2,0,5,100,32,1,0,231
0,1,1,9,101,32,1,0,231
0,3,4,6,45,32,1,0,231
0,2,0,3,287,32,1,0,231
1,3,0,7,198,32,1,0,231
0,0,0,3,227,32,1,0,231
1,2,4,8,256,32,1,0,231
1,3,2,3,92,32,1,0,231
0,3,0,8,197,32,1,0,231
0,3,1,7,29,54,0,1,214
2,3,4,5,239,54,0,1,214
1,3,1,10,105,54,0,1,214
2,2,1,5,189,54,0,1,214
0,1,2,6,197,54,0,1,214
2,2,0,7,300,54,0,1,214
1,3,1,5,24,54,0,1,214
1,1,4,4,178,44,0,1,250
0,0,4,10,247,44,0,1,250
1,2,0,8,267,44,0,1,250
1,1,4,8,41,44,0,1,250
2,3,0,10,249,44,0,1,250
2,1,0,8,28,44,0,1,250
1,0,3,5,253,44,0,1,250
0,0,0,6,96,44,0,1,250
0,2,3,4,238,44,0,1,250
0,3,1,3,93,44,0,1,250
2,2,4,7,76,44,0,1,250
1,1,1,3,203,44,0,1,250
2,3,2,3,35,63,0,0,147
1,0,4,9,265,63,0,0,147
0,0,3,10,89,63,0,0,147
0,1,0,3,276,63,0,0,147
0,3,0,5,164,63,0,0,147
1,0,1,6,51,63,0,0,147
1,2,4,9,260,63,0,0,147
2,1,4,7,36,63,0,0,147
2,2,2,8,32,54,1,0,123
1,3,3,9,104,54,1,0,123
0,3,3,5,66,54,1,0,123
0,1,4,10,167,54,1,0,123
1,2,1,4,34,54,1,0,123
2,3,2,3,245,54,1,0,123
2,2,1,8,276,54,1,0,123
2,0,1,5,223,54,1,0,123
0,1,1,4,174,54,1,0,123
0,3,2,5,293,54,1,0,123
0,1,2,5,51,53,1,1,103
1,3,1,5,263,53,1,1,103
1,0,3,4,20,53,1,1,103
2,2,0,9,136,53,1,1,103
1,0,4,6,269,53,1,1,103
0,2,3,7,26,53,1,1,103
0,2,4,5,32,53,1,1,103
1,3,0,3,50,53,1,1,103
2,2,2,10,151,53,1,1,103
1,1,4,10,73,53,1,1,103
0,2,2,6,79,53,1,1,103
1,2,3,8,118,53,1,1,103
0,1,1,5,277,35,1,0,166
2,2,3,9,136,35,1,0,166
0,0,0,5,289,35,1,0,166
1,1,0,6,295,35,1,0,166
1,2,3,9,121,35,1,0,166
1,1,1,9,273,59,0,1,237
2,2,4,9,61,59,0,1,237
2,0,0,3,128,59,0,1,237
1,3,3,5,131,59,0,1,237
0,3,4,8,27,59,0,1,237
0,0,0,5,253,59,0,1,237
1,0,0,3,152,59,0,1,237
2,2,4,6,298,59,0,1,237
1,2,3,3,34,59,0,1,237
2,1,3,4,148,59,0,1,237
1,2,2,4,99,59,0,1,237
0,3,0,6,67,59,0,1,237
0,2,1,4,150,59,0,1,237
1,2,0,6,235,59,0,1,237
1,3,4,10,173,59,0,1,237
0,2,3,4,29,34,1,0,65
2,2,1,10,269,34,1,0,65
1,0,0,3,246,34,1,0,65
2,3,4,5,25,34,1,0,65
2,3,2,5,113,34,1,0,65
0,2,3,8,150,34,1,0,65
2,1,4,6,282,34,1,0,65
0,0,2,9,207,34,1,0,65
2,0,1,8,163,34,1,0,65
1,3,2,4,73,34,1,0,65
0,3,3,3,136,34,1,0,65
1,1,0,3,284,34,1,0,65
0,2,2,5,288,34,1,0,65
1,2,2,3,120,45,0,0,19
2,0,0,4,192,45,0,0,19
2,0,1,7,199,45,0,0,19
2,2,2,7,219,45,0,0,19
2,1,0,6,72,45,0,0,19
0,2,2,7,168,45,0,0,19
0,1,0,8,283,45,0,0,19
0,3,2,10,256,45,0,0,19
2,2,4,10,161,45,0,0,19
1,1,2,10,220,45,0,0,19
0,1,2,4,24,45,0,0,19
0,0,2,6,128,45,0,0,19
1,0,0,9,253,45,0,0,19
1,1,4,5,196,45,0,0,19
1,3,2,10,31,45,0,0,19
1,2,1,8,296,45,0,0,23
0,1,2,5,277,45,0,0,23
2,3,3,3,30,45,0,0,23
0,0,3,8,286,45,0,0,23
1,0,0,8,117,45,0,0,23
1,1,4,10,77,40,1,1,139
2,2,1,4,68,40,1,1,139
0,2,1,10,140,40,1,1,139
2,2,3,3,35,40,1,1,139
2,3,1,8,76,40,1,1,139
1,2,2,7,90,62,1,2,292
2,3,0,8,223,62,1,2,292
0,2,2,6,172,62,1,2,292
0,0,0,3,145,62,1,2,292
0,2,3,3,160,62,1,2,292
0,0,2,3,279,62,1,2,292
0,3,3,4,290,62,1,2,292
2,3,2,9,151,62,1,2,292
1,3,0,7,42,62,1,2,292
0,1,0,3,60,62,1,2,292
2,2,2,8,265,62,1,2,292
2,1,3,4,176,62,1,2,292
1,0,3,8,201,35,1,2,96
1,1,1,4,92,35,1,2,96
2,0,3,8,136,35,1,2,96
0,3,0,6,254,35,1,2,96
2,3,1,7,236,35,1,2,96
2,3,2,5,221,35,1,2,96
0,0,4,9,276,35,1,2,96
1,1,1,3,236,35,1,2,96
2,2,2,10,73,35,1,2,96
1,0,0,5,237,35,1,2,96
1,2,3,3,125,35,1,2,96
1,1,4,8,69,35,1,2,96
2,0,4,3,255,35,1,2,96
2,0,2,4,56,35,1,2,96
1,2,1,10,181,35,1,2,96
1,2,4,7,234,21,0,2,51
0,2,0,3,25,21,0,2,51
2,0,4,9,99,21,0,2,51
1,2,1,4,100,21,0,2,51
1,1,4,9,202,21,0,2,51
0,1,3,4,176,21,0,2,51
1,3,2,10,296,21,0,2,51
2,0,3,9,221,21,0,2,51
1,3,1,10,175,21,0,2,51
2,0,2,9,81,21,0,2,51
2,1,2,3,178,21,0,2,51
0,1,3,9,106,21,0,2,51
1,3,3,6,152,21,0,2,51
1,3,0,7,294,21,0,2,51
2,1,0,5,197,21,0,2,51
2,1,1,8,267,19,1,1,81
2,3,1,3,208,19,1,1,81
1,3,1,9,86,19,1,1,81
0,2,2,8,69,19,1,1,81
0,0,0,4,113,19,1,1,81
1,2,0,4,233,19,1,1,81
2,0,4,6,171,19,1,1,81
0,3,2,5,276,19,1,1,81
2,1,0,7,62,25,0,1,82
2,1,0,4,219,25,0,1,82
2,2,0,5,285,25,0,1,82
2,2,2,3,277,25,0,1,82
2,3,1,4,102,25,0,1,82
0,3,1,8,235,25,0,1,82
2,2,2,3,296,25,0,1,82
2,0,2,9,126,25,0,1,82
0,0,1,7,272,25,0,1,82
0,3,1,4,246,21,1,1,39
0,0,0,6,297,21,1,1,39
0,3,1,5,88,21,1,1,39
0,3,2,9,100,21,1,1,39
2,1,4,9,59,21,1,1,39
2,3,3,8,151,42,0,1,92
0,1,4,6,89,42,0,1,92
1,1,1,9,88,42,0,1,92
0,3,2,6,273,42,0,1,92
1,1,0,8,91,42,0,1,92
2,3,4,5,22,42,0,1,92
1,2,4,7,289,42,0,1,92
2,1,0,4,253,42,0,1,92
0,2,4,5,221,42,0,1,92
0,1,1,8,272,42,0,1,92
0,2,2,5,63,42,0,1,92
1,0,4,4,209,42,0,1,92
2,0,0,6,292,42,0,1,92
2,1,4,7,179,42,0,1,92
2,3,3,8,44,42,0,1,92
1,3,3,6,227,45,1,0,2
0,3,2,4,237,45,1,0,2
2,3,3,6,163,45,1,0,2
1,0,0,6,166,45,1,0,2
2,3,0,6,127,45,1,0,2
0,2,0,4,75,45,1,0,2
2,1,4,5,102,45,1,0,2
1,3,0,10,209,45,1,0,2
1,0,1,7,257,45,1,0,2
2,0,0,10,122,45,1,0,2
2,1,4,6,252,45,1,0,2
1,1,0,4,281,45,1,0,2
0,2,3,10,215,45,1,0,2
2,2,2,5,127,45,1,0,2
0,1,2,8,200,28,0,1,46
2,3,4,4,104,28,0,1,46
2,2,3,6,84,28,0,1,46
2,1,4,3,257,28,0,1,46
2,3,4,7,135,28,0,1,46
2,3,2,10,193,28,0,1,46
1,1,4,5,190,28,0,1,46
0,1,2,10,116,52,0,1,137
1,0,2,4,159,52,0,1,137
1,0,2,6,201,52,0,1,137
1,1,3,3,153,52,0,1,137
1,2,3,5,243,52,0,1,137
2,3,3,9,275,52,0,1,137
1,2,0,4,262,52,0,1,137
2,2,4,3,79,52,0,1,137
2,3,3,6,248,39,0,2,99
2,0,3,5,193,39,0,2,99
0,2,4,10,210,39,0,2,99
1,2,2,4,112,39,0,2,99
2,2,4,9,178,39,0,2,99
1,2,4,10,50,37,1,0,243
1,3,0,9,195,37,1,0,243
0,0,4,8,215,37,1,0,243
1,3,4,10,37,37,1,0,243
1,1,3,7,271,37,1,0,243
0,1,3,4,33,37,1,0,243
0,2,0,3,26,37,1,0,243
0,3,4,6,146,37,1,0,243
0,2,1,6,233,32,0,1,171
0,2,2,6,174,32,0,1,171
0,0,2,3,176,32,0,1,171
0,2,0,6,237,32,0,1,171
1,1,1,8,35,32,0,1,171
2,3,0,3,184,55,0,2,74
1,2,3,4,87,55,0,2,74
0,2,4,6,185,55,0,2,74
1,0,1,5,259,55,0,2,74
1,3,2,6,41,55,0,2,74
2,2,1,9,37,55,0,2,74
0,2,4,10,163,55,0,2,74
0,1,1,10,263,55,0,2,74
2,2,4,7,272,55,0,2,74
2,3,1,3,180,55,0,2,74
1,3,1,3,55,55,0,2,74
2,3,3,4,207,55,0,2,74
0,0,2,3,227,55,0,2,74
2,3,4,5,191,31,0,0,113
2,3,3,6,24,31,0,0,113
2,0,4,4,112,31,0,0,113
1,3,4,9,241,31,0,0,113
2,3,4,5,295,31,0,0,113
0,2,3,5,67,31,0,0,113
2,2,2,8,216,31,0,0,113
0,1,0,9,73,31,0,0,113
0,2,2,4,238,31,0,0,113
0,3,1,4,137,31,0,0,113
2,2,1,4,183,60,0,2,12
0,3,4,6,44,60,0,2,12
1,2,3,10,157,60,0,2,12
1,3,4,4,196,60,0,2,12
2,3,0,3,282,60,0,2,12
0,3,2,10,263,60,0,2,12
1,2,3,3,32,60,0,2,12
2,3,4,5,127,60,0,2,12
0,0,3,9,89,60,0,2,12
0,0,1,9,24,60,0,2,12
1,3,2,5,215,60,0,2,12
0,1,1,9,286,60,0,2,12
2,2,3,8,264,38,0,2,280
1,2,3,5,238,38,0,2,280
1,0,3,4,23,38,0,2,280
1,1,2,6,200,38,0,2,280
0,1,1,4,211,38,0,2,280
1,0,4,3,231,38,0,2,280
2,1,1,8,37,38,0,2,280
1,0,1,3,191,38,0,2,280
0,0,0,10,266,56,0,0,282
0,1,3,8,126,56,0,0,282
2,0,2,3,53,56,0,0,282
1,3,1,3,121,56,0,0,282
1,2,4,4,98,56,0,0,282
0,3,2,6,276,37,0,2,66
1,1,3,5,203,37,0,2,66
1,2,1,5,211,37,0,2,66
2,3,2,3,38,37,0,2,66
1,2,2,4,216,37,0,2,66
2,0,0,5,176,37,0,2,66
1,1,3,5,153,37,0,2,66
2,2,2,8,164,64,1,1,164
0,2,3,4,53,64,1,1,164
0,3,1,8,286,64,1,1,164
0,1,4,8,121,64,1,1,164
2,0,3,4,153,64,1,1,164
2,1,0,9,214,64,1,1,164
0,3,2,10,251,24,0,0,72
0,1,1,6,264,24,0,0,72
1,0,3,3,137,24,0,0,72
1,2,4,8,142,24,0,0,72
0,3,3,8,215,24,0,0,72
0,0,3,6,108,24,0,0,72
2,0,1,8,175,24,0,0,72
2,3,3,6,162,24,0,0,72
2,3,1,10,268,24,0,0,72
1,0,3,5,219,24,0,0,72
0,1,0,7,154,24,0,0,72
2,0,1,10,273,24,0,0,72
1,2,0,4,93,24,0,0,72
1,2,4,9,256,24,0,0,72
1,3,1,9,70,50,0,2,258
2,3,1,7,47,50,0,2,258
1,0,1,8,152,50,0,2,258
2,3,2,9,252,50,0,2,258
0,3,2,5,128,50,0,2,258
1,0,3,3,75,50,0,2,258
1,0,0,8,24,50,0,2,258
0,3,2,10,226,32,1,1,143
2,3,0,5,124,32,1,1,143
2,3,2,5,263,32,1,1,143
0,1,0,6,74,32,1,1,143
2,0,4,7,132,32,1,1,143
0,2,4,7,109,32,1,1,143
1,0,3,9,123,32,1,1,143
1,3,2,10,123,54,0,2,253
0,2,1,6,263,54,0,2,253
2,1,0,9,174,54,0,2,253
2,3,1,9,211,54,0,2,253
0,0,3,5,106,54,0,2,253
2,3,4,8,59,54,0,2,253
0,1,0,10,38,54,0,2,253
2,1,2,5,44,54,0,2,253
0,3,3,3,148,18,1,0,124
2,3,2,10,226,18,1,0,124
0,1,3,9,130,18,1,0,124
0,1,3,8,108,18,1,0,124
1,0,4,9,285,18,1,0,124
0,3,1,6,184,18,1,0,124
0,3,0,7,163,18,1,0,124
2,2,4,7,82,35,1,1,62
2,0,2,6,150,35,1,1,62
1,3,4,10,234,35,1,1,62
1,2,3,9,280,35,1,1,62
0,0,1,7,243,35,1,1,62
1,3,2,6,77,35,1,1,62
0,1,2,3,135,35,1,1,62
2,3,0,6,170,35,1,1,62
1,2,0,3,60,35,1,1,62
2,0,4,3,91,29,0,2,107
0,1,2,3,66,29,0,2,107
0,3,2,6,110,29,0,2,107
0,2,4,10,90,29,0,2,107
0,2,3,10,223,29,0,2,107
1,1,0,10,275,29,0,2,107
1,2,0,5,155,29,0,2,107
1,1,3,10,226,29,0,2,107
0,1,0,8,297,29,0,2,107
2,1,1,8,88,29,0,2,107
1,1,0,6,117,29,0,2,107
1,1,2,3,239,29,0,2,107
1,0,0,8,287,59,0,0,256
2,1,3,6,154,59,0,0,256
1,2,3,3,225,59,0,0,256
0,3,4,3,21,59,0,0,256
2,3,0,9,163,59,0,0,256
2,1,4,10,160,59,0,0,256
2,1,3,4,75,59,0,0,256
2,2,2,3,50,59,0,0,256
1,2,1,9,30,59,0,0,256
0,0,0,10,66,59,0,0,256
2,2,0,6,238,59,0,0,256
1,3,2,6,199,59,0,0,256
0,2,2,5,266,59,0,0,256
2,2,2,10,224,59,0,0,256
1,2,0,4,24,59,0,0,256
1,2,1,3,52,33,1,0,294
0,0,3,10,160,33,1,0,294
1,2,0,3,247,33,1,0,294
0,3,2,5,155,33,1,0,294
0,3,1,6,138,33,1,0,294
0,1,3,4,43,33,1,0,294
2,0,0,4,47,33,1,0,294
1,3,3,4,40,33,1,0,294
0,1,1,9,190,33,1,0,294
0,2,3,8,263,33,1,0,294
2,1,4,6,52,33,1,0,294
0,2,2,8,210,33,1,0,294
2,3,2,5,109,33,1,0,294
2,1,4,10,248,33,1,0,294
2,0,3,6,240,36,1,0,195
0,1,3,10,263,36,1,0,195
2,3,3,3,126,36,1,0,195
0,0,2,3,198,36,1,0,195
2,0,3,8,70,36,1,0,195
0,3,0,3,39,36,1,0,195
0,1,1,6,84,36,1,0,195
1,0,2,9,174,36,1,0,195
1,3,4,6,238,36,1,0,195
2,3,3,3,107,36,1,0,195
0,0,0,7,25,36,1,0,195
2,2,2,6,257,36,1,0,195
2,2,4,8,148,36,1,0,195
2,0,0,3,265,36,1,0,195
0,3,4,8,98,36,1,0,195
0,1,1,8,267,47,0,1,209
0,1,1,8,62,47,0,1,209
0,2,3,9,176,47,0,1,209
0,1,2,10,117,47,0,1,209
2,2,4,9,200,47,0,1,209
1,3,2,3,211,48,1,0,77
2,3,1,9,146,48,1,0,77
1,2,3,9,240,48,1,0,77
0,2,4,7,170,48,1,0,77
0,3,2,9,31,48,1,0,77
2,2,4,5,118,48,1,0,77
1,2,4,9,229,48,1,0,77
1,2,4,6,162,48,1,0,77
0,3,1,3,265,48,1,0,77
2,3,2,4,246,48,1,0,77
2,2,1,3,138,48,1,0,77
0,3,4,10,26,48,1,0,77
1,0,2,8,88,48,1,0,77
1,0,3,7,44,48,1,0,77
0,0,4,9,111,41,0,0,192
0,1,3,6,258,41,0,0,192
2,3,0,5,273,41,0,0,192
0,3,4,5,20,41,0,0,192
2,3,2,8,294,41,0,0,192
2,1,0,5,293,41,0,0,192
2,2,0,6,203,41,0,0,192
1,2,0,10,70,45,0,1,9
0,0,2,9,295,45,0,1,9
0,0,4,6,260,45,0,1,9
0,2,2,8,97,45,0,1,9
2,3,1,5,213,45,0,1,9
2,0,3,10,116,45,0,1,9
2,3,0,10,154,45,0,1,9
0,2,2,10,147,45,0,1,9
2,3,1,3,228,41,0,0,193
2,0,3,7,253,41,0,0,193
2,0,4,7,43,41,0,0,193
0,0,3,3,94,41,0,0,193
0,3,1,9,180,41,0,0,193
1,0,4,3,20,41,0,0,193
2,0,0,7,236,41,0,0,193
1,2,0,8,290,41,0,0,193
2,3,1,3,132,41,0,0,193
0,0,2,6,42,41,0,0,193
2,3,3,3,85,41,0,0,193
0,0,4,9,157,41,0,0,193
0,0,0,8,161,41,0,0,193
2,0,1,7,202,41,0,0,193
0,2,0,10,206,41,0,0,193
1,3,2,9,285,29,1,1,142
2,3,4,4,53,29,1,1,142
2,2,3,4,277,29,1,1,142
0,0,1,8,253,29,1,1,142
1,1,0,5,223,29,1,1,142
1,0,1,8,191,29,1,1,142
2,2,1,8,263,29,1,1,142
1,0,2,8,262,29,1,1,142
2,1,3,3,192,29,1,1,142
0,3,2,3,222,29,1,1,142
1,0,4,4,164,29,1,1,142
1,3,1,10,196,24,0,0,197
2,2,2,9,196,24,0,0,197
0,2,0,3,203,24,0,0,197
2,3,0,6,98,24,0,0,197
2,1,4,9,42,24,0,0,197
1,3,1,5,40,24,0,0,197
1,0,4,4,192,24,0,0,197
2,0,3,9,234,24,0,0,197
1,3,3,4,84,24,0,0,197
1,2,0,3,46,24,0,0,197
2,2,2,9,288,24,0,0,197
0,0,2,4,153,24,0,0,197
0,1,1,8,127,59,0,1,146
2,1,2,8,27,59,0,1,146
0,1,4,4,232,59,0,1,146
2,2,2,7,59,59,0,1,146
2,1,3,9,244,59,0,1,146
2,0,2,4,42,59,0,1,146
0,3,0,10,169,59,0,1,146
0,0,3,5,224,47,1,0,207
1,1,3,5,232,47,1,0,207
1,0,1,10,171,47,1,0,207
0,3,2,9,103,47,1,0,207
1,3,3,3,31,47,1,0,207
0,2,2,7,284,47,1,0,207
0,3,2,7,84,47,1,0,207
2,2,1,3,200,47,1,0,207
2,1,0,3,228,47,1,0,207
0,1,3,10,136,47,1,0,207
2,0,1,7,186,47,1,0,207
2,2,2,10,174,47,1,0,207
2,2,4,4,242,47,1,0,207
0,2,3,3,20,32,0,1,118
1,0,2,3,43,32,0,1,118
2,2,2,4,184,32,0,1,118
2,1,2,4,22,32,0,1,118
0,1,2,5,88,32,0,1,118
0,3,4,8,110,32,0,1,118
2,3,3,10,287,32,0,1,118
1,1,2,4,94,32,0,1,118
1,1,0,3,129,32,0,1,118
2,2,1,3,201,32,0,1,118
0,1,1,3,294,32,0,1,118
1,3,2,10,281,58,1,1,43
2,1,4,7,77,58,1,1,43
0,3,3,7,248,58,1,1,43
0,3,4,7,64,58,1,1,43
0,2,1,5,137,58,1,1,43
0,0,3,4,167,58,1,1,43
1,1,2,9,20,58,1,1,43
2,1,3,5,232,58,1,1,43
2,0,3,6,264,58,1,1,43
1,1,4,4,101,58,1,1,43
2,1,0,7,264,58,1,1,43
1,0,3,7,239,58,1,1,43
0,3,3,6,55,58,1,1,43
0,1,2,5,70,61,0,1,140
1,1,1,9,42,61,0,1,140
2,3,0,10,291,61,0,1,140
2,1,3,7,137,61,0,1,140
2,3,4,4,162,61,0,1,140
2,1,1,5,175,55,1,2,11
2,2,1,9,164,55,1,2,11
1,3,4,8,233,55,1,2,11
0,1,3,6,282,55,1,2,11
2,1,2,8,110,55,1,2,11
1,2,3,8,231,55,1,2,11
2,3,4,7,87,61,0,0,122
0,1,4,4,291,61,0,0,122
2,0,2,9,268,61,0,0,122
1,0,0,8,67,61,0,0,122
0,2,1,6,268,61,0,0,122
0,0,3,6,43,61,0,0,122
0,3,3,5,193,61,0,0,122
2,3,2,10,276,30,0,2,80
0,1,2,6,281,30,0,2,80
2,0,0,10,282,30,0,2,80
1,1,1,3,103,30,0,2,80
0,3,1,4,217,30,0,2,80
2,2,0,9,102,30,0,2,80
2,2,1,8,191,30,0,2,80
1,3,1,4,90,30,0,2,80
1,3,0,6,179,30,0,2,80
1,3,2,10,221,30,0,2,80
1,0,1,9,66,30,0,2,80
1,3,0,4,43,30,0,2,80
1,1,4,8,127,30,0,2,80
2,3,3,5,188,30,0,2,80
0,1,0,9,241,30,0,0,264
2,1,2,6,180,30,0,0,264
1,2,0,8,45,30,0,0,264
1,0,0,7,30,30,0,0,264
0,2,2,5,70,30,0,0,264
2,3,4,4,124,30,0,0,264
0,0,3,6,213,30,0,0,264
0,3,2,3,179,30,0,0,264
2,2,4,5,151,30,0,0,264
0,0,3,8,201,30,0,0,264
1,0,0,7,37,30,0,0,264
0,1,4,4,130,30,0,0,264
2,0,1,4,205,30,0,0,264
0,1,0,9,234,30,0,0,264
0,0,0,7,120,30,0,0,264
0,1,4,4,56,40,0,1,191
0,3,2,9,68,40,0,1,191
0,0,2,4,46,40,0,1,191
1,3,2,8,130,40,0,1,191
2,3,1,9,61,40,0,1,191
1,1,4,8,228,19,0,0,48
2,2,4,9,168,19,0,0,48
1,2,0,8,268,19,0,0,48
2,3,4,4,285,19,0,0,48
0,2,4,10,266,19,0,0,48
0,3,0,10,266,19,0,0,48
0,2,1,7,24,19,0,0,48
1,2,0,8,89,19,0,0,48
0,3,0,4,112,19,0,0,48
2,1,0,7,222,25,1,0,53
0,1,3,9,247,25,1,0,53
0,2,3,6,113,25,1,0,53
1,2,1,3,284,25,1,0,53
1,1,4,10,277,25,1,0,53
2,3,3,5,150,25,1,0,53
1,3,2,5,254,25,1,0,53
2,1,2,3,276,25,1,1,185
2,2,2,5,174,25,1,1,185
2,0,4,9,241,25,1,1,185
2,3,3,8,55,25,1,1,185
0,3,1,8,126,25,1,1,185
2,1,3,9,29,25,1,1,185
2,2,1,8,227,25,1,1,185
1,3,2,10,188,52,1,2,34
0,1,4,4,161,52,1,2,34
1,2,0,6,39,52,1,2,34
2,3,2,10,36,52,1,2,34
1,1,1,5,151,52,1,2,34
2,2,2,9,41,52,1,2,34
1,2,3,8,190,26,0,0,132
2,0,4,10,113,26,0,0,132
1,2,4,7,59,26,0,0,132
0,0,4,7,98,26,0,0,132
2,0,1,5,148,26,0,0,132
0,2,2,3,188,26,0,0,132
2,3,3,6,170,26,0,0,132
1,2,2,8,291,26,0,0,132
2,1,4,4,226,24,1,0,136
1,1,3,10,32,24,1,0,136
1,0,3,4,155,24,1,0,136
2,2,2,4,277,24,1,0,136
1,0,3,3,165,24,1,0,136
2,2,2,9,287,24,1,0,136
0,1,0,6,136,34,0,1,278
0,2,2,5,46,34,0,1,278
0,2,3,9,298,34,0,1,278
2,1,3,10,255,34,0,1,278
2,2,1,9,103,34,0,1,278
0,2,4,4,180,34,0,1,278
1,0,1,5,81,34,0,1,278
2,0,0,7,217,34,0,1,278
1,0,0,9,180,34,0,1,278
0,3,4,4,24,34,0,1,278
0,1,3,6,64,34,0,1,278
2,1,2,6,59,34,0,1,278
1,3,2,6,169,34,0,1,278
2,0,0,5,99,27,1,1,42
1,3,4,4,143,27,1,1,42
0,3,1,9,221,27,1,1,42
0,3,4,8,131,27,1,1,42
1,2,1,5,62,27,1,1,42
2,0,4,3,271,27,1,1,42
2,3,0,6,263,18,1,0,212
0,2,2,10,23,18,1,0,212
2,1,2,10,237,18,1,0,212
2,2,1,7,23,18,1,0,212
1,2,2,7,90,18,1,0,212
0,3,3,8,66,18,1,0,212
1,3,4,9,54,18,1,0,212
2,3,2,3,34,49,0,2,160
2,0,1,4,142,49,0,2,160
1,3,4,10,234,49,0,2,160
2,2,4,9,220,49,0,2,160
0,0,2,9,128,49,0,2,160
1,2,3,8,223,49,0,2,160
0,2,2,8,111,49,0,2,160
0,2,3,7,176,49,0,2,160
0,0,4,5,90,49,0,2,160
0,1,0,6,155,49,0,2,160
1,3,4,7,22,49,0,2,160
0,3,3,10,88,49,0,2,160
1,1,2,3,98,49,0,0,223
1,0,3,5,282,49,0,0,223
1,3,1,8,170,49,0,0,223
2,3,4,5,170,49,0,0,223
0,0,0,3,29,49,0,0,223
2,0,0,9,282,49,0,0,223
1,2,2,10,111,49,0,0,223
0,3,4,9,63,49,0,0,223
1,1,2,10,238,49,0,0,223
1,0,0,4,37,49,0,0,223
2,1,2,10,233,49,0,0,223
1,0,4,10,178,34,1,0,233
2,1,3,3,54,34,1,0,233
0,1,2,5,25,34,1,0,233
2,1,2,5,72,34,1,0,233
1,1,4,4,153,34,1,0,233
2,3,4,7,95,34,1,0,233
1,3,3,10,155,41,1,0,152
0,3,0,4,270,41,1,0,152
0,2,0,6,148,41,1,0,152
2,2,4,7,287,41,1,0,152
2,0,4,8,155,41,1,0,152
2,3,2,5,47,41,1,0,152
1,0,4,3,217,41,1,0,152
0,3,1,6,171,41,1,0,152
0,2,2,8,42,41,1,0,152
2,0,2,5,272,41,1,0,152
0,3,2,9,121,41,1,0,152
2,2,3,4,141,41,1,0,152
1,2,2,5,250,26,1,1,255
0,0,3,9,80,26,1,1,255
1,1,4,4,152,26,1,1,255
0,3,3,5,178,26,1,1,255
2,3,4,10,291,26,1,1,255
0,2,1,4,62,26,1,1,255
0,0,4,3,146,26,1,1,255
0,2,0,6,245,26,1,1,255
1,2,4,7,181,26,1,1,255
2,3,1,4,30,25,1,1,41
1,3,3,4,114,25,1,1,41
2,2,3,6,295,25,1,1,41
1,3,0,3,165,25,1,1,41
2,3,1,6,191,25,1,1,41
0,2,2,7,260,25,1,1,41
1,0,3,9,177,25,1,1,41
1,3,4,7,270,25,1,1,41
1,0,0,3,245,63,0,1,71
1,1,0,3,42,63,0,1,71
0,1,3,7,225,63,0,1,71
2,3,3,10,119,63,0,1,71
2,3,4,10,198,63,0,1,71
2,2,3,10,166,63,0,1,71
2,1,0,5,75,52,1,0,1
2,2,4,8,78,52,1,0,1
0,1,3,4,77,52,1,0,1
1,0,3,4,166,52,1,0,1
2,1,4,6,64,52,1,0,1
2,0,1,9,99,45,1,0,187
2,2,2,6,155,45,1,0,187
1,1,2,6,221,45,1,0,187
2,0,2,8,277,45,1,0,187
2,3,1,4,62,45,1,0,187
0,1,1,9,126,45,1,0,187
0,1,0,5,94,45,1,0,187
2,1,0,10,72,45,1,0,187
1,1,4,3,45,45,1,0,187
0,2,0,8,30,45,1,0,187
2,2,1,6,164,45,1,0,187
0,0,4,3,71,45,1,0,187
0,2,1,3,104,36,1,0,130
1,1,3,8,157,36,1,0,130
2,2,4,10,165,36,1,0,130
1,0,0,3,20,36,1,0,130
0,0,3,4,224,36,1,0,130
0,2,1,10,205,36,1,0,130
0,2,2,8,133,36,1,0,130
1,1,3,8,86,36,1,0,130
0,2,3,6,256,44,1,1,104
0,3,4,4,172,44,1,1,104
1,3,3,9,55,44,1,1,104
2,0,3,8,267,44,1,1,104
1,2,1,3,85,44,1,1,104
0,1,0,7,135,44,1,1,104
2,1,3,6,150,41,1,0,98
0,2,2,7,54,41,1,0,98
2,1,1,7,257,41,1,0,98
0,1,4,4,170,41,1,0,98
1,0,0,7,29,41,1,0,98
2,1,4,9,61,41,1,0,98
2,3,4,6,299,41,1,0,98
2,3,3,4,34,47,0,1,145
0,2,0,10,231,47,0,1,145
1,0,3,4,273,47,0,1,145
0,2,1,3,30,47,0,1,145
1,3,0,3,203,47,0,1,145
2,3,2,4,232,47,0,1,145
2,2,3,6,260,47,0,1,145
1,2,1,10,32,66,1,2,274
0,3,1,5,258,66,1,2,274
1,3,0,8,194,66,1,2,274
0,2,1,6,200,66,1,2,274
2,3,2,5,59,66,1,2,274
0,1,1,8,97,66,1,2,274
2,2,1,8,197,66,1,2,274
2,0,4,10,96,66,1,2,274
2,3,1,5,109,66,1,2,274
2,0,1,6,188,66,1,2,274
1,0,3,4,297,66,1,2,274
2,1,1,3,87,66,1,2,274
1,2,1,9,217,66,1,2,274
1,0,4,4,48,66,1,2,274
2,2,3,6,269,66,1,2,274
1,2,2,7,107,20,0,2,49
0,0,2,3,57,20,0,2,49
2,3,1,3,116,20,0,2,49
0,3,2,3,180,20,0,2,49
1,2,1,3,247,20,0,2,49
2,2,0,4,43,20,0,2,49
2,0,0,8,296,18,1,0,178
2,2,1,8,106,18,1,0,178
1,1,4,9,56,18,1,0,178
2,2,0,7,173,18,1,0,178
2,2,2,7,188,18,1,0,178
2,2,3,9,29,18,1,0,178
0,0,2,4,242,18,1,0,178
0,1,4,8,258,18,1,0,178
0,1,2,9,67,18,1,0,178
1,1,4,7,180,21,0,1,88
1,0,2,9,198,21,0,1,88
2,0,3,7,109,21,0,1,88
1,1,2,10,273,21,0,1,88
0,1,4,10,34,21,0,1,88
1,3,3,3,23,21,0,1,88
0,3,1,6,222,21,0,1,88
1,3,0,10,89,21,0,1,88
1,3,3,8,139,21,0,1,88
0,2,0,7,86,21,0,1,88
0,3,1,8,181,21,0,1,88
2,0,4,3,236,67,1,1,201
1,1,1,10,28,67,1,1,201
1,0,1,4,262,67,1,1,201
2,0,1,8,170,67,1,1,201
1,2,0,9,296,67,1,1,201
0,0,4,9,137,67,1,1,201
1,0,2,3,190,67,1,1,201
1,0,1,10,229,67,1,1,201
1,2,2,10,101,67,1,1,201
2,0,0,5,135,67,1,1,201
1,2,0,5,93,67,1,1,201
2,0,4,8,84,67,1,1,201
0,3,1,8,199,67,1,1,201
0,0,3,5,213,67,1,1,201
0,0,1,10,190,55,0,0,244
1,3,1,4,152,55,0,0,244
1,0,1,5,73,55,0,0,244
2,2,0,3,264,55,0,0,244
1,0,3,8,108,55,0,0,244
0,0,1,7,292,55,0,0,244
0,1,0,3,225,55,0,0,244
1,3,2,5,66,55,0,0,244
2,1,0,6,58,55,0,0,244
2,2,3,10,128,55,0,0,244
2,3,1,4,221,55,0,0,244
0,0,4,5,95,55,0,0,244
1,2,0,9,252,55,0,0,244
2,2,3,9,251,39,1,0,58
1,0,0,7,73,39,1,0,58
1,3,4,6,49,39,1,0,58
2,3,2,3,33,39,1,0,58
1,2,2,7,130,39,1,0,58
2,0,4,6,226,39,1,0,58
1,2,2,4,112,39,1,0,58
2,3,0,3,196,39,1,0,58
2,1,1,3,24,39,1,0,58
1,1,4,6,146,39,1,0,58
0,3,0,3,33,39,1,0,58
2,3,1,10,38,39,1,0,58
2,2,0,9,150,39,1,0,58
1,0,1,4,262,39,1,0,58
0,1,2,5,238,63,1,2,211
0,2,3,6,166,63,1,2,211
0,0,2,5,84,63,1,2,211
2,3,1,10,288,63,1,2,211
0,2,4,6,258,63,1,2,211
1,2,4,6,29,63,1,2,211
0,3,0,10,91,63,1,2,211
1,3,2,8,135,63,1,2,211
1,3,4,3,153,63,1,2,211
2,3,2,5,257,63,1,2,211
1,1,4,7,226,63,1,2,211
2,1,3,4,45,63,1,2,211
1,1,4,3,255,63,1,2,211
2,2,3,8,188,63,1,2,211
0,0,4,8,162,55,1,2,248
2,1,2,7,96,55,1,2,248
2,0,3,4,80,55,1,2,248
2,3,1,3,170,55,1,2,248
0,0,4,4,242,55,1,2,248
0,1,2,8,136,55,1,2,248
2,3,3,7,272,55,1,2,248
0,0,4,6,96,55,1,2,248
1,0,3,4,138,55,1,2,248
0,2,3,6,300,55,1,2,248
2,1,1,3,286,52,0,0,36
2,2,2,8,252,52,0,0,36
0,1,3,3,165,52,0,0,36
0,1,1,6,231,52,0,0,36
2,3,0,10,119,52,0,0,36
0,0,4,10,95,60,0,0,175
0,3,3,7,34,60,0,0,175
2,3,0,8,27,60,0,0,175
2,2,4,3,117,60,0,0,175
1,2,3,4,214,60,0,0,175
1,3,1,5,236,60,0,0,175
0,1,2,9,227,60,0,0,175
1,0,2,8,31,60,0,0,175
0,0,3,4,84,60,0,0,175
0,3,2,9,118,60,0,0,175
1,2,4,9,191,60,1,0,153
2,1,3,3,106,60,1,0,153
1,1,3,9,131,60,1,0,153
1,3,3,7,118,60,1,0,153
2,2,4,4,292,60,1,0,153
0,3,2,6,55,60,1,0,153
1,1,4,8,39,27,0,0,241
2,3,4,7,257,27,0,0,241
2,1,0,10,240,27,0,0,241
0,1,4,7,162,27,0,0,241
2,2,1,3,292,27,0,0,241
0,1,1,7,204,27,0,0,241
2,1,2,6,52,27,0,0,241
1,1,0,4,161,27,0,0,241
0,2,2,4,142,27,0,0,241
0,1,4,9,277,27,0,0,241
1,3,3,7,104,27,0,0,241
2,3,4,5,277,27,0,0,241
2,0,3,5,95,20,1,2,69
0,3,3,9,27,20,1,2,69
2,3,2,9,24,20,1,2,69
2,3,4,7,239,20,1,2,69
0,2,2,10,32,20,1,2,69
1,1,0,3,256,20,1,2,69
2,2,4,6,36,48,0,2,100
1,2,4,10,68,48,0,2,100
2,1,4,3,233,48,0,2,100
1,3,0,9,148,48,0,2,100
1,3,0,5,267,48,0,2,100
2,3,3,9,192,48,0,2,100
1,1,1,7,77,48,0,2,100
2,1,0,8,232,48,0,2,100
1,2,4,4,113,52,1,1,116
1,1,3,7,129,52,1,1,116
1,2,2,3,292,52,1,1,116
0,2,1,7,71,52,1,1,116
2,2,2,3,33,52,1,1,116
0,3,2,8,202,52,1,1,116
0,0,4,4,188,52,1,1,116
2,0,1,8,63,52,1,1,116
0,3,1,7,261,52,1,1,116
2,3,2,10,37,52,1,1,116
1,0,0,10,137,52,1,1,116
1,1,4,6,68,28,1,1,133
2,2,0,4,69,28,1,1,133
2,3,3,6,120,28,1,1,133
2,0,0,3,127,28,1,1,133
2,1,4,5,271,28,1,1,133
0,1,1,6,282,28,1,1,133
0,1,1,4,74,28,1,1,133
2,1,4,6,246,28,1,1,133
0,3,3,8,71,28,1,1,133
0,0,2,9,135,28,1,1,133
2,0,1,4,278,47,0,0,18
1,3,3,10,114,47,0,0,18
0,0,1,6,54,47,0,0,18
1,2,3,5,26,47,0,0,18
0,3,2,6,94,47,0,0,18
2,2,0,7,200,47,0,0,18
0,0,2,10,144,47,0,0,18
1,1,0,10,276,47,0,0,18
2,2,3,7,105,47,0,0,18
2,3,3,10,271,47,0,0,18
2,0,4,10,265,47,0,0,18
0,3,0,6,68,47,0,0,18
1,0,2,10,111,47,0,0,18
2,0,3,8,197,47,0,0,18
0,0,0,10,285,42,0,1,97
2,2,4,4,55,42,0,1,97
1,2,2,9,163,42,0,1,97
1,0,1,8,174,42,0,1,97
1,2,0,6,235,42,0,1,97
2,1,1,10,262,42,0,1,97
2,1,0,3,199,42,0,1,97
2,2,0,9,131,42,0,1,97
2,0,2,6,90,43,0,1,263
0,3,4,9,217,43,0,1,263
0,0,3,7,167,43,0,1,263
1,1,1,5,136,43,0,1,263
1,0,3,5,44,43,0,1,263
0,0,0,9,147,43,0,1,263
1,3,0,6,135,43,0,1,263
0,3,0,7,52,43,0,1,263
0,2,0,3,183,43,0,1,263
1,2,1,8,40,43,0,1,263
2,2,1,5,181,43,0,1,263
0,3,2,8,235,60,0,2,115
2,1,3,8,117,60,0,2,115
2,2,3,8,109,60,0,2,115
1,0,4,10,289,60,0,2,115
0,3,2,8,245,60,0,2,115
0,2,2,6,44,60,0,2,115
0,3,0,5,236,60,0,2,115
0,3,0,5,67,55,1,2,298
0,3,4,8,295,55,1,2,298
1,2,2,6,194,55,1,2,298
2,3,1,5,78,55,1,2,298
2,3,3,3,276,55,1,2,298
0,0,0,6,64,55,1,2,298
1,3,2,3,219,55,1,2,298
2,3,0,3,107,55,1,2,298
1,1,2,7,276,55,1,2,298
2,0,3,7,65,34,0,0,202
0,2,1,4,142,34,0,0,202
1,0,4,10,40,34,0,0,202
2,2,3,4,240,34,0,0,202
2,0,2,5,249,34,0,0,202
0,0,0,6,165,34,0,0,202
0,2,2,7,57,47,1,0,64
0,1,1,4,215,47,1,0,64
1,1,0,9,279,47,1,0,64
2,3,4,4,111,47,1,0,64
2,2,2,8,188,47,1,0,64
1,0,3,7,57,28,1,2,283
1,2,4,10,129,28,1,2,283
2,1,2,9,176,28,1,2,283
2,2,4,6,203,28,1,2,283
1,0,2,4,105,28,1,2,283
0,3,1,6,71,28,1,2,283
2,1,3,5,223,28,1,2,283
1,0,1,5,251,28,1,2,283
2,1,0,10,214,28,1,2,283
0,0,1,9,162,28,1,2,283
0,3,0,6,255,26,1,1,52
1,1,0,4,289,26,1,1,52
2,3,4,7,151,26,1,1,52
0,0,0,7,228,26,1,1,52
1,2,1,4,134,26,1,1,52
0,0,1,3,258,26,1,1,52
0,1,1,7,119,26,1,1,52
1,2,0,7,64,26,1,1,52
2,2,4,6,249,26,1,1,52
1,1,3,5,88,26,1,1,52
0,2,0,5,177,26,1,1,52
1,0,3,3,27,26,1,1,52
0,1,3,4,107,58,1,1,251
2,1,2,7,231,58,1,1,251
0,0,4,3,145,58,1,1,251
0,3,0,10,222,58,1,1,251
0,3,4,8,230,58,1,1,251
2,1,3,10,273,58,1,1,251
1,3,0,5,292,58,1,1,251
2,2,2,4,117,58,1,1,251
1,3,4,7,33,58,1,1,251
2,1,4,10,229,58,1,1,251
2,0,0,5,169,58,1,1,251
0,0,0,5,251,58,1,1,251
1,2,1,5,213,65,1,2,189
2,1,1,10,96,65,1,2,189
0,1,0,5,176,65,1,2,189
1,1,4,7,49,65,1,2,189
2,0,3,10,182,65,1,2,189
0,3,1,9,71,65,1,2,189
1,0,4,7,189,65,1,2,189
1,2,1,7,131,65,1,2,189
0,0,2,6,30,65,1,2,189
0,3,3,6,115,65,1,2,189
1,1,4,9,24,65,1,2,189
2,1,3,7,281,25,1,2,157
0,0,4,4,239,25,1,2,157
0,0,3,6,226,25,1,2,157
0,2,2,3,188,25,1,2,157
0,3,3,3,251,25,1,2,157
2,1,2,9,94,25,1,2,157
1,2,0,3,249,25,1,2,157
0,3,4,10,89,55,1,2,5
2,2,4,8,271,55,1,2,5
0,0,1,5,178,55,1,2,5
0,2,1,6,146,55,1,2,5
1,1,2,8,209,55,1,2,5
0,3,2,8,43,55,1,2,5
0,0,0,7,102,55,0,0,37
0,0,4,5,167,55,0,0,37
1,1,1,6,43,55,0,0,37
1,1,0,10,282,55,0,0,37
0,1,4,10,152,55,0,0,37
1,2,1,8,63,55,0,0,37
1,0,3,5,151,55,0,0,37
0,1,3,5,241,29,1,2,127
1,0,4,6,267,29,1,2,127
2,0,0,9,133,29,1,2,127
0,3,3,3,227,29,1,2,127
1,1,1,6,32,29,1,2,127
2,2,4,7,48,29,1,2,127
2,3,1,10,163,29,1,2,127
2,1,2,7,115,29,1,2,127
2,0,3,3,111,29,1,2,127
0,1,0,7,95,29,1,2,127
1,1,0,7,233,29,1,2,127
0,3,3,4,37,29,1,2,127
2,3,2,5,123,29,1,2,127
0,3,3,5,276,29,0,0,3
0,2,0,10,60,29,0,0,3
1,3,1,7,164,29,0,0,3
0,1,1,9,79,29,0,0,3
0,0,0,6,64,29,0,0,3
2,2,2,8,62,29,0,0,3
1,2,0,5,104,29,0,0,3
1,0,1,4,35,29,0,0,3
2,3,1,4,112,29,0,0,3
1,1,0,9,66,29,0,0,3
1,1,1,4,40,29,0,0,3
1,3,4,8,240,29,0,0,3
1,3,0,10,270,29,0,0,3
1,1,4,6,195,29,0,0,3
1,3,0,8,289,56,1,1,114
0,2,1,8,48,56,1,1,114
1,0,2,7,65,56,1,1,114
1,1,1,10,234,56,1,1,114
2,0,2,4,150,56,1,1,114
1,0,4,7,255,56,1,1,114
1,3,2,6,273,56,1,1,114
0,3,4,9,119,56,1,1,114
1,3,0,5,85,56,1,1,114
1,3,4,4,132,56,1,1,114
0,3,3,6,232,56,1,1,114
0,2,4,3,176,56,1,1,114
0,1,1,3,150,56,1,1,114
1,0,1,7,213,56,1,1,114
0,1,4,4,25,56,1,1,114
2,0,2,8,63,18,0,1,230
0,0,4,8,276,18,0,1,230
1,2,2,5,262,18,0,1,230
0,2,3,5,106,18,0,1,230
2,2,0,3,32,18,0,1,230
0,2,4,6,178,18,0,1,230
2,0,1,3,180,18,0,1,230
1,0,2,10,206,18,0,1,230
0,1,2,6,137,18,0,1,230
2,0,2,7,124,18,0,1,230
2,3,3,10,251,18,0,1,230
2,2,2,7,179,18,0,1,230
2,0,2,3,122,18,0,1,230
2,2,4,9,242,18,0,1,230
0,3,1,7,102,18,0,1,230
0,1,4,10,211,25,1,2,76
2,2,2,3,267,25,1,2,76
2,0,4,5,231,25,1,2,76
1,2,4,6,121,25,1,2,76
1,2,0,5,294,25,1,2,76
0,2,0,10,201,25,1,2,76
1,2,3,4,91,25,1,2,76
1,3,4,9,22,25,1,2,76
1,1,0,8,141,25,1,2,76
0,0,3,3,253,25,1,2,76
0,1,3,6,156,56,0,2,95
2,2,0,9,52,56,0,2,95
2,3,4,3,73,56,0,2,95
2,0,2,4,236,56,0,2,95
2,0,2,3,57,56,0,2,95
1,1,2,3,208,56,0,2,95
1,2,1,7,195,56,0,2,95
1,3,3,7,148,56,0,2,95
2,3,4,8,108,46,1,1,35
0,1,0,5,190,46,1,1,35
2,3,3,8,75,46,1,1,35
2,0,2,10,221,46,1,1,35
0,3,4,9,156,46,1,1,35
1,3,3,8,71,46,1,1,35
2,2,2,10,56,46,1,1,35
0,1,2,9,147,46,1,1,35
1,2,1,3,257,46,1,1,35
0,1,4,5,118,46,1,1,35
1,0,0,5,144,46,1,1,35
0,3,1,6,126,45,0,2,44
2,0,0,10,172,45,0,2,44
0,0,0,4,265,45,0,2,44
0,2,4,6,78,45,0,2,44
2,1,4,9,108,45,0,2,44
0,0,3,3,46,45,0,2,44
1,2,4,3,102,45,0,2,44
1,0,3,10,227,45,0,2,44
0,2,3,10,261,45,0,2,44
2,3,2,5,147,45,0,2,44
2,0,2,7,189,33,0,0,47
2,1,1,9,74,33,0,0,47
2,2,4,8,83,33,0,0,47
2,3,0,10,77,33,0,0,47
1,3,1,5,104,33,0,0,47
0,1,4,9,127,33,0,0,47
1,0,3,10,217,33,0,0,47
2,3,4,7,282,33,0,0,47
1,3,1,3,75,33,0,0,47
1,1,0,8,199,33,0,0,47
2,0,2,4,164,33,0,0,47
2,2,3,8,290,33,0,0,47
2,2,2,10,199,33,0,0,47
0,3,0,4,293,33,0,0,47
0,3,4,7,74,63,0,0,50
1,0,4,9,81,63,0,0,50
2,3,4,7,52,63,0,0,50
1,3,4,8,131,63,0,0,50
0,2,3,9,168,63,0,0,50
1,2,1,9,235,63,0,0,50
2,3,1,10,202,41,0,2,94
1,3,2,5,49,41,0,2,94
1,2,1,4,207,41,0,2,94
1,0,4,5,258,41,0,2,94
2,2,3,7,233,41,0,2,94
1,0,2,6,85,41,0,2,94
2,2,2,8,189,41,0,2,94
2,2,2,7,114,41,0,2,94
2,2,2,6,264,41,0,2,94
1,0,0,6,28,41,0,2,94
0,1,3,8,22,41,0,2,94
2,2,0,9,131,41,0,2,94
1,0,0,4,200,41,0,2,94
1,3,1,10,232,41,0,2,94
0,3,2,9,240,49,0,1,138
1,3,0,8,272,49,0,1,138
0,3,2,3,249,49,0,1,138
1,3,3,3,71,49,0,1,138
1,0,0,6,126,49,0,1,138
0,0,1,5,134,18,1,2,10
0,1,3,4,277,18,1,2,10
0,0,3,4,121,18,1,2,10
0,1,1,3,114,18,1,2,10
0,2,2,3,27,18,1,2,10
0,0,4,9,220,18,1,2,10
0,0,1,4,41,18,1,2,10
1,2,2,8,118,18,1,2,10
0,3,0,7,192,20,1,1,33
1,3,0,10,88,20,1,1,33
1,0,4,8,195,20,1,1,33
0,3,4,10,156,20,1,1,33
0,2,3,4,118,20,1,1,33
1,3,1,7,280,20,1,1,33
0,3,4,7,116,20,1,1,33
2,2,3,8,56,20,1,1,33
1,0,2,6,241,20,1,1,33
0,3,4,3,261,20,1,1,33
2,2,4,4,87,20,1,1,33
1,1,2,4,153,20,1,1,33
0,2,2,4,170,35,0,0,217
0,1,3,6,169,35,0,0,217
2,0,4,4,25,35,0,0,217
0,0,1,8,109,35,0,0,217
0,1,1,3,234,35,0,0,217
2,2,2,3,263,35,0,0,217
1,3,4,10,290,35,0,0,217
0,3,2,5,75,35,0,0,217
0,1,2,4,39,35,0,0,217
2,1,4,5,185,35,0,0,217
2,1,1,4,123,35,0,0,217
0,2,2,6,184,35,0,0,217
2,1,2,4,212,54,1,0,117
0,0,0,5,181,54,1,0,117
0,1,4,8,213,54,1,0,117
2,2,2,6,71,54,1,0,117
1,3,2,8,51,54,1,0,117
0,0,2,10,30,54,1,0,117
1,0,2,10,220,54,1,0,117
0,1,3,8,238,54,1,0,117
2,0,2,10,91,54,1,0,117
2,3,3,9,111,64,0,2,87
0,1,2,10,26,64,0,2,87
2,0,0,4,165,64,0,2,87
2,1,4,4,90,64,0,2,87
0,2,1,10,278,64,0,2,87
0,2,3,5,172,64,0,2,87
1,1,1,7,242,64,0,2,87
0,0,1,4,30,64,0,2,87
2,1,1,8,182,64,0,2,87
0,2,3,5,252,64,0,2,87
0,3,1,7,157,64,0,2,87
0,3,4,9,122,64,0,2,87
1,3,4,7,164,64,0,2,87
0,3,1,10,211,64,0,2,87
1,2,3,4,237,23,0,1,271
1,2,3,9,68,23,0,1,271
0,2,4,4,78,23,0,1,271
0,2,4,7,219,23,0,1,271
2,3,0,7,216,23,0,1,271
0,3,2,6,62,23,0,1,271
1,2,1,5,133,23,0,1,271
1,0,0,9,41,23,0,1,271
2,0,2,6,20,23,0,1,271
1,3,2,5,192,23,0,1,271
0,1,1,4,293,24,0,2,102
2,2,4,4,273,24,0,2,102
0,2,3,5,65,24,0,2,102
0,1,2,8,40,24,0,2,102
1,1,0,7,82,24,0,2,102
0,1,1,4,263,24,0,2,102
1,0,1,7,58,24,0,2,102
0,2,4,3,122,24,0,2,102
2,0,4,4,116,24,0,2,102
0,3,3,8,221,24,0,2,102
0,0,1,6,267,60,0,2,21
1,0,4,5,228,60,0,2,21
0,1,3,9,278,60,0,2,21
1,3,0,4,273,60,0,2,21
2,0,3,10,112,60,0,2,21
0,1,0,10,289,26,1,2,176
0,2,1,5,276,26,1,2,176
0,2,0,10,31,26,1,2,176
0,0,2,6,250,26,1,2,176
0,2,0,9,124,26,1,2,176
2,0,0,3,167,26,1,2,176
0,0,2,9,82,26,1,2,176
1,1,1,8,290,26,1,2,176
0,1,3,9,61,26,1,2,176
2,0,1,10,44,26,1,2,176
0,2,2,3,40,26,1,2,176
1,1,4,5,278,26,1,2,176
1,0,3,8,112,26,1,2,176
1,0,3,7,147,26,1,2,176
2,0,0,5,37,26,1,2,176
0,2,1,5,138,42,1,1,55
2,2,2,8,112,42,1,1,55
1,3,3,8,185,42,1,1,55
1,0,1,9,76,42,1,1,55
1,0,3,3,96,42,1,1,55
0,2,3,6,291,42,1,1,55
2,1,1,6,222,42,1,1,55
1,0,2,10,76,42,1,1,55
2,3,1,7,72,42,1,1,55
2,3,2,6,290,42,1,1,55
0,2,1,6,20,42,1,1,55
0,2,2,6,227,42,1,1,55
1,2,4,3,122,42,1,1,55
1,0,0,8,58,42,1,1,55
2,3,4,7,144,42,1,1,55
2,0,1,4,230,21,1,0,173
2,3,1,8,62,21,1,0,173
1,2,3,5,234,21,1,0,173
0,0,4,5,243,21,1,0,173
2,1,0,10,132,21,1,0,173
1,2,4,6,70,21,1,0,173
1,1,4,8,48,21,1,0,173
1,2,1,3,216,21,1,0,173
0,3,3,8,134,21,1,0,173
2,3,3,4,21,21,1,0,173
1,2,0,3,70,21,1,0,173
0,3,0,8,182,61,0,2,246
0,1,1,6,111,61,0,2,246
2,1,4,9,141,61,0,2,246
2,3,0,8,293,61,0,2,246
2,0,1,5,145,61,0,2,246
1,0,3,9,113,61,0,2,246
1,1,2,6,199,61,0,2,246
0,2,3,8,248,61,0,2,246
0,1,3,4,143,61,0,2,246
1,3,4,8,28,61,0,2,246
0,3,1,5,25,61,0,2,246
0,0,4,7,91,61,0,2,246
1,1,3,4,164,61,0,2,246
0,2,2,3,41,61,0,2,246
0,3,2,3,159,61,0,2,246
2,1,2,10,56,20,0,0,68
0,0,3,10,99,20,0,0,68
2,1,1,4,131,20,0,0,68
2,3,0,7,193,20,0,0,68
2,1,3,9,184,20,0,0,68
1,0,4,8,22,20,0,0,68
1,0,2,7,245,20,0,0,68
0,3,2,6,291,20,0,0,68
1,1,0,4,276,20,0,0,68
1,2,2,5,169,20,0,0,68
2,0,2,8,270,20,0,0,68
2,3,1,7,170,20,0,0,68
2,0,4,10,275,20,0,0,68
0,1,3,7,81,56,1,1,218
2,3,3,4,293,56,1,1,218
2,0,0,10,174,56,1,1,218
1,1,0,5,199,56,1,1,218
1,0,2,7,149,56,1,1,218
2,0,1,4,120,56,1,1,218
1,0,4,4,229,56,1,1,218
0,1,1,6,43,56,1,1,218
2,1,1,7,300,56,1,1,218
2,3,2,9,147,70,0,0,93
2,2,2,5,193,70,0,0,93
0,1,0,7,216,70,0,0,93
0,2,1,4,32,70,0,0,93
1,2,4,8,148,70,0,0,93
1,1,2,8,195,70,0,0,93
2,1,0,7,188,70,0,0,93
0,3,2,5,176,70,0,0,93
0,1,1,4,127,70,0,0,93
2,3,2,6,297,70,0,0,93
0,1,1,8,163,70,0,0,93
2,3,2,9,161,70,0,0,93
0,2,3,4,298,70,0,0,93
0,3,4,10,61,70,0,0,93
2,0,4,4,206,40,1,2,242
1,0,0,4,235,40,1,2,242
2,0,3,6,146,40,1,2,242
0,0,3,6,91,40,1,2,242
0,1,4,5,75,40,1,2,242
0,0,4,7,31,40,1,2,242
1,0,3,8,212,40,1,2,242
0,0,3,5,169,40,1,2,242
2,0,2,9,241,40,1,2,242
0,1,4,6,224,40,1,2,242
1,1,1,10,294,40,1,2,242
1,1,1,3,21,56,1,2,200
1,2,4,8,204,56,1,2,200
1,0,2,8,162,56,1,2,200
2,1,1,7,260,56,1,2,200
2,1,3,5,127,56,1,2,200
0,2,1,5,259,56,1,2,200
0,2,0,7,195,56,1,2,200
2,1,3,7,82,56,1,2,200
1,2,1,9,277,56,1,2,200
2,3,4,7,298,56,1,2,200
